case,seed,method,fuel,hours,pareto_count,seconds
calm,0,coarse,100.0,10.0,1,0.0003819660050794482
calm,0,wrm_fuel,100.0,10.0,1,0.00124553800560534
calm,0,diverse_refinement,100.0,10.0,1,0.0011707450030371547
calm,1,coarse,100.0,10.0,1,0.00026057299692183733
calm,1,wrm_fuel,100.0,10.0,1,0.0011078010065830313
calm,1,diverse_refinement,100.0,10.0,1,0.0010858579989871942
calm,2,coarse,100.0,10.0,1,0.00025714699586387724
calm,2,wrm_fuel,100.0,10.0,1,0.0011159019923070446
calm,2,diverse_refinement,100.0,10.0,1,0.0013031539929215796
calm,3,coarse,100.0,10.0,1,0.0003173469958710484
calm,3,wrm_fuel,100.0,10.0,1,0.001141189997724723
calm,3,diverse_refinement,100.0,10.0,1,0.0010806889913510531
calm,4,coarse,100.0,10.0,1,0.0002580090003903024
calm,4,wrm_fuel,100.0,10.0,1,0.001181631007057149
calm,4,diverse_refinement,100.0,10.0,1,0.0011538500039023347
calm,5,coarse,100.0,10.0,1,0.0002556449981057085
calm,5,wrm_fuel,100.0,10.0,1,0.0010268469923175871
calm,5,diverse_refinement,100.0,10.0,1,0.0010223909994238056
calm,6,coarse,100.0,10.0,1,0.00025415299751330167
calm,6,wrm_fuel,100.0,10.0,1,0.0010636329971021041
calm,6,diverse_refinement,100.0,10.0,1,0.0010253950022161007
calm,7,coarse,100.0,10.0,1,0.00025616699713282287
calm,7,wrm_fuel,100.0,10.0,1,0.001059026995790191
calm,7,diverse_refinement,100.0,10.0,1,0.0010338999927625991
calm,8,coarse,100.0,10.0,1,0.00026919600350083783
calm,8,wrm_fuel,100.0,10.0,1,0.0010769630025606602
calm,8,diverse_refinement,100.0,10.0,1,0.0011071589979110286
calm,9,coarse,100.0,10.0,1,0.000308995004161261
calm,9,wrm_fuel,100.0,10.0,1,0.0011345899984007701
calm,9,diverse_refinement,100.0,10.0,1,0.0011089009931311011
stationary,0,coarse,127.21103245257825,13.25,2,0.0005241200051386841
stationary,0,wrm_fuel,123.61594951513197,12.25,3,0.0015079330041771755
stationary,0,diverse_refinement,123.61482801382147,12.25,3,0.0024728680073167197
stationary,1,coarse,127.21103245257825,13.25,2,0.0004889570045634173
stationary,1,wrm_fuel,123.65292503674374,12.25,2,0.0013177760047256015
stationary,1,diverse_refinement,123.63036276594703,12.25,3,0.002437695009575691
stationary,2,coarse,127.21103245257825,13.25,2,0.0006122830018284731
stationary,2,wrm_fuel,123.59810599037716,12.25,1,0.001333090003754478
stationary,2,diverse_refinement,123.61369181098256,12.25,3,0.002439296993543394
stationary,3,coarse,127.21103245257825,13.25,2,0.000508798002556432
stationary,3,wrm_fuel,123.67917961947026,12.25,1,0.0013510360004147515
stationary,3,diverse_refinement,123.64029773674548,12.25,3,0.0025286720047006384
stationary,4,coarse,127.21103245257825,13.25,2,0.0005109409976284951
stationary,4,wrm_fuel,123.64547650387816,12.25,3,0.0013927589970990084
stationary,4,diverse_refinement,123.61000919918386,12.25,3,0.0025549819984007627
stationary,5,coarse,127.21103245257825,13.25,2,0.0005033989946241491
stationary,5,wrm_fuel,123.59869230211675,12.25,2,0.0013451979975798167
stationary,5,diverse_refinement,123.607765039879,12.25,2,0.002234179002698511
stationary,6,coarse,127.21103245257825,13.25,2,0.000558332001673989
stationary,6,wrm_fuel,123.59445942728337,12.25,2,0.0013175170024624094
stationary,6,diverse_refinement,123.59799343363969,12.25,2,0.0022557610063813627
stationary,7,coarse,127.21103245257825,13.25,2,0.0005239709935267456
stationary,7,wrm_fuel,123.64539103589065,12.25,2,0.0013116979971528053
stationary,7,diverse_refinement,123.64481983690675,12.25,2,0.0022136369952932
stationary,8,coarse,127.21103245257825,13.25,2,0.0005056119989603758
stationary,8,wrm_fuel,123.64195781405459,12.25,2,0.001443214998289477
stationary,8,diverse_refinement,123.59669962879505,12.25,2,0.0027599109962466173
stationary,9,coarse,127.21103245257825,13.25,2,0.0004851810008403845
stationary,9,wrm_fuel,123.60679306257654,12.25,2,0.0013749830031883903
stationary,9,diverse_refinement,123.6420624499288,12.25,3,0.0021978139993734658
moving,0,coarse,116.37857447347903,12.25,2,0.0009147000018856488
moving,0,wrm_fuel,113.60971681421161,11.75,3,0.0019613780023064464
moving,0,diverse_refinement,113.58501587900234,11.75,3,0.0029554260036093183
moving,1,coarse,116.37857447347903,12.25,2,0.0006281070091063157
moving,1,wrm_fuel,113.52641942248175,11.5,2,0.0016280039999401197
moving,1,diverse_refinement,113.47929073680628,11.5,2,0.002405316998192575
moving,2,coarse,116.37857447347903,12.25,2,0.0006033499957993627
moving,2,wrm_fuel,113.57258548433963,11.75,3,0.001573852998262737
moving,2,diverse_refinement,113.57716809813235,11.75,3,0.0029709189984714612
moving,3,coarse,116.37857447347903,12.25,2,0.0006689990041195415
moving,3,wrm_fuel,113.54338984630255,11.5,2,0.001824861996283289
moving,3,diverse_refinement,113.57017959059957,11.5,2,0.002608572998724412
moving,4,coarse,116.37857447347903,12.25,2,0.0006022879970259964
moving,4,wrm_fuel,113.63792989864433,11.75,3,0.001609345999895595
moving,4,diverse_refinement,113.57965683997033,11.75,3,0.0027857489985763095
moving,5,coarse,116.37857447347903,12.25,2,0.0006729750020895153
moving,5,wrm_fuel,113.50754277503178,11.5,2,0.001601985000888817
moving,5,diverse_refinement,113.63213253582356,11.75,3,0.002837055995769333
moving,6,coarse,116.37857447347903,12.25,2,0.0005889679960091598
moving,6,wrm_fuel,113.4573188061859,11.5,2,0.0015385899969260208
moving,6,diverse_refinement,113.52856814656013,11.5,2,0.0027485029931995086
moving,7,coarse,116.37857447347903,12.25,2,0.0005993429949739948
moving,7,wrm_fuel,113.55386151349558,11.25,1,0.0014868509970256127
moving,7,diverse_refinement,113.47881858418378,11.5,2,0.0027274809981463477
moving,8,coarse,116.37857447347903,12.25,2,0.0008116929966490716
moving,8,wrm_fuel,113.54897646085864,11.75,3,0.0017503779963590205
moving,8,diverse_refinement,113.60816678970713,11.75,3,0.0029577279929071665
moving,9,coarse,116.37857447347903,12.25,2,0.0009177230022032745
moving,9,wrm_fuel,113.45433859906858,11.5,2,0.0018968889999086969
moving,9,diverse_refinement,113.52447668430331,11.5,2,0.0032446109980810434
