case,lp,five_action_oracle,six_action_oracle,cheaper_rule,unavoidable_gap,gap_pct
0,0.9,0.9000000000000001,0.9000000000000001,0.9000000000000001,1.1102230246251565e-16,2.220446049250313e-14
1,1.1240080509539996,1.1264547786325667,1.1240080509539994,1.1240080509539994,0.002446727678567129,0.21767883926546716
2,0.5329252254745974,0.5329252254745975,0.5329252254745975,0.5329252254745975,1.1102230246251565e-16,2.220446049250313e-14
3,0.9623308487223923,0.9623308487223923,0.9623308487223923,0.9623308487223923,0.0,0.0
4,0.9927837519185727,0.9927837519185727,0.9927837519185727,0.9927837519185727,0.0,0.0
5,1.480528271015065,1.4805282710150647,1.4805282710150647,1.4805282710150647,-2.220446049250313e-16,-1.1102230246251565e-14
6,0.8950455846078067,0.8950455846078068,0.8950455846078068,0.8950455846078068,1.1102230246251565e-16,2.220446049250313e-14
7,0.8593725849404507,0.8593725849404508,0.8593725849404508,0.8593725849404508,1.1102230246251565e-16,2.220446049250313e-14
8,0.7851820244808869,0.7851820244808869,0.7851820244808869,0.7851820244808869,0.0,0.0
9,0.9088957840020739,0.9088957840020737,0.9088957840020737,0.9088957840020737,-2.220446049250313e-16,-2.220446049250313e-14
10,0.8319325516540138,0.8341193731100018,0.8319325516540139,0.8319325516540139,0.0021868214559880306,0.262860426802658
11,0.9704706529484826,0.9704706529484826,0.9704706529484826,0.9704706529484826,0.0,0.0
12,0.7237235676369984,0.7249850420964757,0.7237235676369984,0.7237235676369984,0.0012614744594773297,0.174303355022154
13,0.8690355395151325,0.8726084142806083,0.8690355395151325,0.8690355395151325,0.003572874765475853,0.4111310300922044
14,0.7651004020058556,0.7651004020058556,0.7651004020058556,0.7651004020058556,0.0,0.0
15,0.8739141735014493,0.8739141735014495,0.8739141735014495,0.8739141735014495,2.220446049250313e-16,2.220446049250313e-14
16,0.8254022705214076,0.8255907416113952,0.8254022705214075,0.8254022705214075,0.00018847108998765183,0.022833846806435965
17,1.0315862093291934,1.0315862093291934,1.0315862093291934,1.0315862093291934,0.0,0.0
18,1.0689145343623516,1.068914534362352,1.068914534362352,1.068914534362352,4.440892098500626e-16,4.440892098500626e-14
19,1.1439933604584702,1.1468410588716964,1.1439933604584702,1.1439933604584702,0.002847698413226185,0.24892613118707718
20,0.8040848255402074,0.8040848255402075,0.8040848255402075,0.8040848255402075,1.1102230246251565e-16,2.220446049250313e-14
21,1.0930277402407735,1.0930277402407738,1.0930277402407738,1.0930277402407738,2.220446049250313e-16,2.220446049250313e-14
22,0.7676420966702158,0.7676420966702158,0.7676420966702158,0.7676420966702158,0.0,0.0
23,0.7510127309156693,0.7510127309156694,0.7510127309156694,0.7510127309156694,1.1102230246251565e-16,2.220446049250313e-14
24,1.2760339036550836,1.2766429040321117,1.2760339036550836,1.2760339036550836,0.0006090003770280461,0.04772603418166099
25,0.9843632914826057,0.9843632914826057,0.9843632914826057,0.9843632914826057,0.0,0.0
26,0.9259713483152479,0.9259713483152479,0.9259713483152479,0.9259713483152479,0.0,0.0
27,0.8763101527071568,0.8763101527071568,0.8763101527071568,0.8763101527071568,0.0,0.0
28,1.1225199674355937,1.122519967435594,1.122519967435594,1.122519967435594,2.220446049250313e-16,2.220446049250313e-14
29,0.7961609265653476,0.8043637490812949,0.7961609265653475,0.7961609265653475,0.008202822515947283,1.0302970470221995
30,0.8775153597446586,0.8775153597446586,0.8775153597446586,0.8775153597446586,0.0,0.0
31,1.1987639005637507,1.1987639005637507,1.1987639005637507,1.1987639005637507,0.0,0.0
32,0.8548814322109121,0.8548814322109121,0.8548814322109121,0.8548814322109121,0.0,0.0
33,1.0386336049648655,1.0396077164713249,1.0386336049648655,1.0386336049648655,0.0009741115064594297,0.09378779020849937
34,0.6080844657677451,0.6080844657677451,0.6080844657677451,0.6080844657677451,0.0,0.0
35,0.9894154425175745,0.9894154425175744,0.9894154425175744,0.9894154425175744,-1.1102230246251565e-16,-1.1102230246251565e-14
36,0.7794558613784788,0.7826397439480075,0.7794558613784788,0.7794558613784788,0.0031838825695287287,0.40847503076031355
37,0.9224557073497492,0.9224557073497492,0.9224557073497492,0.9224557073497492,0.0,0.0
38,1.4213306713671208,1.4213306713671212,1.4213306713671212,1.4213306713671212,4.440892098500626e-16,2.220446049250313e-14
39,0.9292516243792787,0.9327476575854801,0.9292516243792788,0.9292516243792788,0.003496033206201399,0.3762202953948801
40,1.0960135731205576,1.097616222061271,1.0960135731205578,1.0960135731205578,0.0016026489407134914,0.1462252822426624
41,1.0778274098187732,1.0781560887084243,1.0778274098187732,1.0778274098187732,0.0003286788896510462,0.030494575166373217
42,0.8899274287452339,0.8899274287452341,0.8899274287452341,0.8899274287452341,2.220446049250313e-16,2.220446049250313e-14
43,1.06965673015693,1.0696567301569302,1.0696567301569302,1.0696567301569302,2.220446049250313e-16,2.220446049250313e-14
44,0.9201402405413934,0.9201402405413934,0.9201402405413934,0.9201402405413934,0.0,0.0
45,0.9783951454315001,0.9783951454315,0.9783951454315,0.9783951454315,-1.1102230246251565e-16,-1.1102230246251565e-14
46,0.4544352485353682,0.4544352485353681,0.4544352485353681,0.4544352485353681,-1.1102230246251565e-16,-2.220446049250313e-14
47,0.7949710958405576,0.7949710958405576,0.7949710958405576,0.7949710958405576,0.0,0.0
48,1.0259515255906322,1.0259515255906324,1.0259515255906324,1.0259515255906324,2.220446049250313e-16,2.220446049250313e-14
49,0.626740158602531,0.626740158602531,0.626740158602531,0.626740158602531,0.0,0.0
50,0.7312378687133927,0.7312378687133927,0.7312378687133927,0.7312378687133927,0.0,0.0
51,1.0411488492928587,1.045516895903089,1.0411488492928587,1.0411488492928587,0.0043680466102302695,0.41954103039127943
52,1.0072657656960562,1.0072657656960562,1.0072657656960562,1.0072657656960562,0.0,0.0
53,0.9927750460775455,0.999795633685631,0.9927750460775456,0.9927750460775456,0.007020587608085438,0.7071680171478745
54,0.8120359612398226,0.8131302622038428,0.8120359612398227,0.8120359612398227,0.0010943009640201895,0.13476016041820138
55,1.008796621290133,1.01001466721064,1.008796621290133,1.008796621290133,0.001218045920507116,0.12074246630102703
56,0.9467012291396792,0.9467012291396792,0.9467012291396792,0.9467012291396792,0.0,0.0
57,1.1660711565861759,1.1660711565861759,1.1660711565861759,1.1660711565861759,0.0,0.0
58,0.7978300044530277,0.7978300044530278,0.7978300044530278,0.7978300044530278,1.1102230246251565e-16,2.220446049250313e-14
59,1.1151411769468689,1.1151411769468687,1.1151411769468687,1.1151411769468687,-2.220446049250313e-16,-2.220446049250313e-14
60,0.8259953537657518,0.8352956468029569,0.8259953537657521,0.8259953537657521,0.009300293037205032,1.125949800420134
61,0.9871297298668036,0.9871297298668035,0.9871297298668035,0.9871297298668035,-1.1102230246251565e-16,-1.1102230246251565e-14
62,1.137638084043532,1.1376380840435323,1.1376380840435323,1.1376380840435323,2.220446049250313e-16,2.220446049250313e-14
63,1.4679579850779618,1.470800301168956,1.4679579850779618,1.4679579850779618,0.002842316090994279,0.1936238039430993
64,1.0771037219118005,1.0789875836492164,1.0771037219118005,1.0771037219118005,0.0018838617374159483,0.17490068032373074
65,0.9865150671519345,0.9869218507373895,0.9865150671519345,0.9865150671519345,0.00040678358545498394,0.04123440168322112
66,0.6809218921642766,0.6809218921642766,0.6809218921642766,0.6809218921642766,0.0,0.0
67,0.8997925340534361,0.8997925340534363,0.8997925340534363,0.8997925340534363,2.220446049250313e-16,2.220446049250313e-14
68,0.932889524952282,0.9330221330695588,0.932889524952282,0.932889524952282,0.00013260811727688893,0.014214771817022687
69,0.7649375001125989,0.764937500112599,0.764937500112599,0.764937500112599,1.1102230246251565e-16,2.220446049250313e-14
70,1.538025966485936,1.538025966485936,1.538025966485936,1.538025966485936,0.0,0.0
71,0.8836599445306482,0.8840142453600177,0.8836599445306481,0.8836599445306481,0.0003543008293694916,0.040094702895876466
72,0.8095691634264977,0.8095691634264979,0.8095691634264979,0.8095691634264979,2.220446049250313e-16,2.220446049250313e-14
73,0.6675340989332395,0.675989351959106,0.6675340989332396,0.6675340989332396,0.008455253025866583,1.2666398674432644
74,0.9896820020462966,0.9896820020462966,0.9896820020462966,0.9896820020462966,0.0,0.0
75,0.8205862668506769,0.8216776546749701,0.8205862668506769,0.8205862668506769,0.0010913878242931885,0.13300098580515396
76,1.0401662431160568,1.0401662431160568,1.0401662431160568,1.0401662431160568,0.0,0.0
77,0.7948851322506001,0.802271389814681,0.7948851322506001,0.7948851322506001,0.007386257564080956,0.9292232631358699
78,0.562583983671541,0.5625839836715409,0.5625839836715409,0.5625839836715409,-1.1102230246251565e-16,-2.220446049250313e-14
79,0.7164710819872813,0.7164710819872813,0.7164710819872813,0.7164710819872813,0.0,0.0
80,1.1013779206789964,1.1013779206789964,1.1013779206789964,1.1013779206789964,0.0,0.0
81,0.7233862197865062,0.7233862197865062,0.7233862197865062,0.7233862197865062,0.0,0.0
82,1.0254175797039844,1.0254175797039844,1.0254175797039844,1.0254175797039844,0.0,0.0
83,1.0385955318978426,1.0403059760068183,1.0385955318978426,1.0385955318978426,0.001710444108975695,0.16468818288195575
84,0.9159234410213715,0.9159234410213717,0.9159234410213717,0.9159234410213717,2.220446049250313e-16,2.220446049250313e-14
85,1.0330621313472457,1.0344697503748608,1.0330621313472454,1.0330621313472454,0.0014076190276151035,0.13625695734091892
86,1.051889069281604,1.0524836077844726,1.051889069281604,1.051889069281604,0.0005945385028685024,0.05652102681079629
87,0.8811486635035639,0.8825927158822668,0.8811486635035639,0.8811486635035639,0.0014440523787029313,0.1638829449007062
88,1.337882233555702,1.3398068933073015,1.3378822335557015,1.3378822335557015,0.0019246597515996111,0.1438586822761323
89,0.8762758534050711,0.8762758534050711,0.8762758534050711,0.8762758534050711,0.0,0.0
90,0.8902424908019294,0.8991400746225262,0.8902424908019295,0.8902424908019295,0.0088975838205968,0.9994562057560108
91,1.169004398298384,1.1691822693793616,1.1690043982983842,1.1690043982983842,0.00017787108097766513,0.015215604084684031
92,0.7680439338886397,0.7680439338886397,0.7680439338886397,0.7680439338886397,0.0,0.0
93,0.8156756077738877,0.8199374037805198,0.8156756077738877,0.8156756077738877,0.004261796006632124,0.5224866314518462
94,0.8279428898567402,0.82794288985674,0.82794288985674,0.82794288985674,-2.220446049250313e-16,-2.220446049250313e-14
95,1.0249035327657106,1.0249035327657103,1.0249035327657103,1.0249035327657103,-2.220446049250313e-16,-2.220446049250313e-14
96,0.712497602116244,0.7165219951172572,0.7124976021162441,0.7124976021162441,0.0040243930010132045,0.564828988765731
97,0.7559261721922463,0.7559261721922463,0.7559261721922463,0.7559261721922463,0.0,0.0
98,1.054727254278661,1.054727254278661,1.054727254278661,1.054727254278661,0.0,0.0
99,0.8939008738729871,0.893900873872987,0.893900873872987,0.893900873872987,-1.1102230246251565e-16,-1.1102230246251565e-14
100,0.847280300200558,0.847280300200558,0.847280300200558,0.847280300200558,0.0,0.0
101,0.8963215570417495,0.8991682079325444,0.8963215570417497,0.8963215570417497,0.002846650890794833,0.3175925948038172
102,0.7506146493925674,0.7506146493925674,0.7506146493925674,0.7506146493925674,0.0,0.0
103,0.8965156947620998,0.8965156947620998,0.8965156947620998,0.8965156947620998,0.0,0.0
104,1.059546588064539,1.059546588064539,1.059546588064539,1.059546588064539,0.0,0.0
105,1.4643395761372027,1.4672039565564823,1.4643395761372024,1.4643395761372024,0.0028643804192796107,0.195609028531174
106,0.851192619147251,0.851192619147251,0.851192619147251,0.851192619147251,0.0,0.0
107,0.6907100539913757,0.7003952019102264,0.6907100539913757,0.6907100539913757,0.009685147918850667,1.4022016710026897
108,0.8925994309447375,0.8937574333662501,0.8925994309447376,0.8925994309447376,0.0011580024215126494,0.12973371720470528
109,0.7780741025517641,0.778074102551764,0.778074102551764,0.778074102551764,-1.1102230246251565e-16,-1.1102230246251565e-14
110,1.3034070346500926,1.3034070346500926,1.3034070346500926,1.3034070346500926,0.0,0.0
111,0.6900093899671002,0.6900093899671,0.6900093899671,0.6900093899671,-1.1102230246251565e-16,-1.1102230246251565e-14
112,0.9412245415488741,0.9412245415488742,0.9412245415488742,0.9412245415488742,1.1102230246251565e-16,2.220446049250313e-14
113,1.113512439691741,1.113512439691741,1.113512439691741,1.113512439691741,0.0,0.0
114,1.353050789908534,1.355717461835603,1.3530507899085338,1.3530507899085338,0.002666671927068931,0.197085870460878
115,1.0886089032084654,1.0945156731038215,1.0886089032084652,1.0886089032084652,0.005906769895356101,0.542597977836401
116,0.7590683835624749,0.7590683835624749,0.7590683835624749,0.7590683835624749,0.0,0.0
117,0.9158727225022603,0.9158727225022602,0.9158727225022602,0.9158727225022602,-1.1102230246251565e-16,-1.1102230246251565e-14
118,0.9675784695639439,0.9734922182849427,0.967578469563944,0.967578469563944,0.005913748720998813,0.6111906069658612
119,0.9469425187937444,0.9469425187937446,0.9469425187937446,0.9469425187937446,2.220446049250313e-16,2.220446049250313e-14
