actions,seed,episode,validation_score
5,42,500,0.18274170344820334
5,42,1000,0.18272559426599513
5,42,1500,0.1821642301593249
5,42,2000,0.18210226880401847
5,43,500,0.18294869431102778
5,43,1000,0.1826573685518399
5,43,1500,0.18281271099152197
5,43,2000,0.18263423268732745
5,44,500,0.1829716167135507
5,44,1000,0.1826881564981518
5,44,1500,0.18221561706749884
5,44,2000,0.1822683072458509
6,42,500,0.18260501745473212
6,42,1000,0.18215189414565466
6,42,1500,0.18227497243993496
6,42,2000,0.18223854058096187
6,43,500,0.1829940713845069
6,43,1000,0.18276080993704885
6,43,1500,0.18248601948283233
6,43,2000,0.18186418404329097
6,44,500,0.18287555220585125
6,44,1000,0.18230315697827765
6,44,1500,0.18187585712753562
6,44,2000,0.1817007652415479
