kind,cargo_hours,ready_hours,work_hours,deadline_hours,extra_hours,status,arrival_hours,on_time
existing,8,0,8,728,0.0,KNOWN,728.0,True
existing,8,0,8,736,0.0,KNOWN,728.0,True
existing,8,0,8,760,0.0,KNOWN,728.0,True
existing,8,0,10,728,2.0,KNOWN,730.0,False
existing,8,0,10,736,2.0,KNOWN,730.0,True
existing,8,0,10,760,2.0,KNOWN,730.0,True
existing,8,0,14,728,6.0,KNOWN,734.0,False
existing,8,0,14,736,6.0,KNOWN,734.0,True
existing,8,0,14,760,6.0,KNOWN,734.0,True
existing,8,4,8,728,4.0,KNOWN,732.0,False
existing,8,4,8,736,4.0,KNOWN,732.0,True
existing,8,4,8,760,4.0,KNOWN,732.0,True
existing,8,4,10,728,6.0,KNOWN,734.0,False
existing,8,4,10,736,6.0,KNOWN,734.0,True
existing,8,4,10,760,6.0,KNOWN,734.0,True
existing,8,4,14,728,10.0,KNOWN,738.0,False
existing,8,4,14,736,10.0,KNOWN,738.0,False
existing,8,4,14,760,10.0,KNOWN,738.0,True
existing,12,0,8,728,0.0,KNOWN,732.0,False
existing,12,0,8,736,0.0,KNOWN,732.0,True
existing,12,0,8,760,0.0,KNOWN,732.0,True
existing,12,0,10,728,0.0,KNOWN,732.0,False
existing,12,0,10,736,0.0,KNOWN,732.0,True
existing,12,0,10,760,0.0,KNOWN,732.0,True
existing,12,0,14,728,2.0,KNOWN,734.0,False
existing,12,0,14,736,2.0,KNOWN,734.0,True
existing,12,0,14,760,2.0,KNOWN,734.0,True
existing,12,4,8,728,0.0,KNOWN,732.0,False
existing,12,4,8,736,0.0,KNOWN,732.0,True
existing,12,4,8,760,0.0,KNOWN,732.0,True
existing,12,4,10,728,2.0,KNOWN,734.0,False
existing,12,4,10,736,2.0,KNOWN,734.0,True
existing,12,4,10,760,2.0,KNOWN,734.0,True
existing,12,4,14,728,6.0,KNOWN,738.0,False
existing,12,4,14,736,6.0,KNOWN,738.0,False
existing,12,4,14,760,6.0,KNOWN,738.0,True
existing,16,0,8,728,0.0,KNOWN,736.0,False
existing,16,0,8,736,0.0,KNOWN,736.0,True
existing,16,0,8,760,0.0,KNOWN,736.0,True
existing,16,0,10,728,0.0,KNOWN,736.0,False
existing,16,0,10,736,0.0,KNOWN,736.0,True
existing,16,0,10,760,0.0,KNOWN,736.0,True
existing,16,0,14,728,0.0,KNOWN,736.0,False
existing,16,0,14,736,0.0,KNOWN,736.0,True
existing,16,0,14,760,0.0,KNOWN,736.0,True
existing,16,4,8,728,0.0,KNOWN,736.0,False
existing,16,4,8,736,0.0,KNOWN,736.0,True
existing,16,4,8,760,0.0,KNOWN,736.0,True
existing,16,4,10,728,0.0,KNOWN,736.0,False
existing,16,4,10,736,0.0,KNOWN,736.0,True
existing,16,4,10,760,0.0,KNOWN,736.0,True
existing,16,4,14,728,2.0,KNOWN,738.0,False
existing,16,4,14,736,2.0,KNOWN,738.0,False
existing,16,4,14,760,2.0,KNOWN,738.0,True
dedicated,0,0,8,728,12.0,KNOWN,732.0,False
dedicated,0,0,8,736,12.0,KNOWN,732.0,True
dedicated,0,0,8,760,12.0,KNOWN,732.0,True
dedicated,0,0,10,728,14.0,KNOWN,734.0,False
dedicated,0,0,10,736,14.0,KNOWN,734.0,True
dedicated,0,0,10,760,14.0,KNOWN,734.0,True
dedicated,0,0,14,728,18.0,KNOWN,738.0,False
dedicated,0,0,14,736,18.0,KNOWN,738.0,False
dedicated,0,0,14,760,18.0,KNOWN,738.0,True
