seed,episode,policy,legacy_arrived,arrived_without_pre_refill_shortage,safe_arrival,pre_refill_shortage_steps,pre_refill_reserve_violation_steps,minimum_pre_refill_fuel,purchase_sci,initial_inventory_value,terminal_inventory_value,final_fuel,inventory_adjusted_sci,safe_arrival_adjusted_sci
42,0,fixed_fueling,False,False,False,0,3,-3.191891195797325e-16,0.0,653731.4972106637,0.0,0.0,653731.4972106637,
43,1,fixed_fueling,False,False,False,0,3,-3.191891195797325e-16,0.0,676296.0394696699,0.0,0.0,676296.0394696699,
44,2,fixed_fueling,False,False,False,0,3,-3.191891195797325e-16,0.0,745744.0488616874,0.0,0.0,745744.0488616874,
45,3,fixed_fueling,False,False,False,0,3,-3.191891195797325e-16,0.0,611323.6593346957,0.0,0.0,611323.6593346957,
46,4,fixed_fueling,False,False,False,0,3,-3.191891195797325e-16,0.0,634660.0783626885,0.0,0.0,634660.0783626885,
47,5,fixed_fueling,False,False,False,0,3,-3.191891195797325e-16,0.0,608045.9459941215,0.0,0.0,608045.9459941215,
48,6,fixed_fueling,False,False,False,0,3,-3.191891195797325e-16,0.0,649625.4768097794,0.0,0.0,649625.4768097794,
49,7,fixed_fueling,False,False,False,0,3,-3.191891195797325e-16,0.0,709015.2534886643,0.0,0.0,709015.2534886643,
50,8,fixed_fueling,False,False,False,0,3,-3.191891195797325e-16,0.0,674105.6197126411,0.0,0.0,674105.6197126411,
51,9,fixed_fueling,False,False,False,0,3,-3.191891195797325e-16,0.0,603822.9703622949,0.0,0.0,603822.9703622949,
52,10,fixed_fueling,False,False,False,0,3,-3.191891195797325e-16,0.0,599650.3743721831,0.0,0.0,599650.3743721831,
53,11,fixed_fueling,False,False,False,0,3,-3.191891195797325e-16,0.0,644579.4825817902,0.0,0.0,644579.4825817902,
54,12,fixed_fueling,False,False,False,0,3,-3.191891195797325e-16,0.0,584197.903010439,0.0,0.0,584197.903010439,
55,13,fixed_fueling,False,False,False,0,3,-3.191891195797325e-16,0.0,656345.3230050274,0.0,0.0,656345.3230050274,
56,14,fixed_fueling,False,False,False,0,3,-3.191891195797325e-16,0.0,599172.5201406932,0.0,0.0,599172.5201406932,
57,15,fixed_fueling,False,False,False,0,3,-3.191891195797325e-16,0.0,678693.7977799745,0.0,0.0,678693.7977799745,
58,16,fixed_fueling,False,False,False,0,3,-3.191891195797325e-16,0.0,613922.1645935953,0.0,0.0,613922.1645935953,
59,17,fixed_fueling,False,False,False,0,3,-3.191891195797325e-16,0.0,606159.9005994451,0.0,0.0,606159.9005994451,
60,18,fixed_fueling,False,False,False,0,3,-3.191891195797325e-16,0.0,576811.4006071428,0.0,0.0,576811.4006071428,
61,19,fixed_fueling,False,False,False,0,3,-3.191891195797325e-16,0.0,598209.9842130544,0.0,0.0,598209.9842130544,
62,20,fixed_fueling,False,False,False,0,3,-3.191891195797325e-16,0.0,563692.5143702885,0.0,0.0,563692.5143702885,
63,21,fixed_fueling,False,False,False,0,3,-3.191891195797325e-16,0.0,733603.4902345093,0.0,0.0,733603.4902345093,
64,22,fixed_fueling,False,False,False,0,3,-3.191891195797325e-16,0.0,613482.2168081823,0.0,0.0,613482.2168081823,
65,23,fixed_fueling,False,False,False,0,3,-3.191891195797325e-16,0.0,580292.4579195839,0.0,0.0,580292.4579195839,
66,24,fixed_fueling,False,False,False,0,3,-3.191891195797325e-16,0.0,676630.2327096344,0.0,0.0,676630.2327096344,
67,25,fixed_fueling,False,False,False,0,3,-3.191891195797325e-16,0.0,612997.6967074911,0.0,0.0,612997.6967074911,
68,26,fixed_fueling,False,False,False,0,3,-3.191891195797325e-16,0.0,786738.2106228374,0.0,0.0,786738.2106228374,
69,27,fixed_fueling,False,False,False,0,3,-3.191891195797325e-16,0.0,701871.9653351478,0.0,0.0,701871.9653351478,
70,28,fixed_fueling,False,False,False,0,3,-3.191891195797325e-16,0.0,629538.1328100649,0.0,0.0,629538.1328100649,
71,29,fixed_fueling,False,False,False,0,3,-3.191891195797325e-16,0.0,660977.1808122654,0.0,0.0,660977.1808122654,
72,30,fixed_fueling,False,False,False,0,3,-3.191891195797325e-16,0.0,584401.9238114762,0.0,0.0,584401.9238114762,
73,31,fixed_fueling,False,False,False,0,3,-3.191891195797325e-16,0.0,589330.4015905501,0.0,0.0,589330.4015905501,
74,32,fixed_fueling,False,False,False,0,3,-3.191891195797325e-16,0.0,669195.7715189354,0.0,0.0,669195.7715189354,
75,33,fixed_fueling,False,False,False,0,3,-3.191891195797325e-16,0.0,583233.2841568905,0.0,0.0,583233.2841568905,
76,34,fixed_fueling,False,False,False,0,3,-3.191891195797325e-16,0.0,637669.0272147184,0.0,0.0,637669.0272147184,
77,35,fixed_fueling,False,False,False,0,3,-3.191891195797325e-16,0.0,668876.2035780966,0.0,0.0,668876.2035780966,
78,36,fixed_fueling,False,False,False,0,3,-3.191891195797325e-16,0.0,611556.4652306694,0.0,0.0,611556.4652306694,
79,37,fixed_fueling,False,False,False,0,3,-3.191891195797325e-16,0.0,678652.7104515882,0.0,0.0,678652.7104515882,
80,38,fixed_fueling,False,False,False,0,3,-3.191891195797325e-16,0.0,705914.6609885317,0.0,0.0,705914.6609885317,
81,39,fixed_fueling,False,False,False,0,3,-3.191891195797325e-16,0.0,699082.6209686964,0.0,0.0,699082.6209686964,
82,40,fixed_fueling,False,False,False,0,3,-3.191891195797325e-16,0.0,780397.4013013061,0.0,0.0,780397.4013013061,
83,41,fixed_fueling,False,False,False,0,3,-3.191891195797325e-16,0.0,549278.3644320804,0.0,0.0,549278.3644320804,
84,42,fixed_fueling,False,False,False,0,3,-3.191891195797325e-16,0.0,544768.2892028476,0.0,0.0,544768.2892028476,
85,43,fixed_fueling,False,False,False,0,3,-3.191891195797325e-16,0.0,715404.4042561437,0.0,0.0,715404.4042561437,
86,44,fixed_fueling,False,False,False,0,3,-3.191891195797325e-16,0.0,539695.9797013521,0.0,0.0,539695.9797013521,
87,45,fixed_fueling,False,False,False,0,3,-3.191891195797325e-16,0.0,679724.1784649345,0.0,0.0,679724.1784649345,
88,46,fixed_fueling,False,False,False,0,3,-3.191891195797325e-16,0.0,594933.6526338996,0.0,0.0,594933.6526338996,
89,47,fixed_fueling,False,False,False,0,3,-3.191891195797325e-16,0.0,612827.1367866193,0.0,0.0,612827.1367866193,
90,48,fixed_fueling,False,False,False,0,3,-3.191891195797325e-16,0.0,759464.7891868452,0.0,0.0,759464.7891868452,
91,49,fixed_fueling,False,False,False,0,3,-3.191891195797325e-16,0.0,668976.6597915228,0.0,0.0,668976.6597915228,
92,50,fixed_fueling,False,False,False,0,3,-3.191891195797325e-16,0.0,479726.55818388425,0.0,0.0,479726.55818388425,
93,51,fixed_fueling,False,False,False,0,3,-3.191891195797325e-16,0.0,708435.809204324,0.0,0.0,708435.809204324,
94,52,fixed_fueling,False,False,False,0,3,-3.191891195797325e-16,0.0,724289.571937065,0.0,0.0,724289.571937065,
95,53,fixed_fueling,False,False,False,0,3,-3.191891195797325e-16,0.0,633034.6174892377,0.0,0.0,633034.6174892377,
96,54,fixed_fueling,False,False,False,0,3,-3.191891195797325e-16,0.0,610583.3824264024,0.0,0.0,610583.3824264024,
97,55,fixed_fueling,False,False,False,0,3,-3.191891195797325e-16,0.0,650015.2478690863,0.0,0.0,650015.2478690863,
98,56,fixed_fueling,False,False,False,0,3,-3.191891195797325e-16,0.0,562667.7202633226,0.0,0.0,562667.7202633226,
99,57,fixed_fueling,False,False,False,0,3,-3.191891195797325e-16,0.0,648338.38574307,0.0,0.0,648338.38574307,
100,58,fixed_fueling,False,False,False,0,3,-3.191891195797325e-16,0.0,578602.4998820054,0.0,0.0,578602.4998820054,
101,59,fixed_fueling,False,False,False,0,3,-3.191891195797325e-16,0.0,570532.2018913628,0.0,0.0,570532.2018913628,
102,60,fixed_fueling,False,False,False,0,3,-3.191891195797325e-16,0.0,725168.7142777401,0.0,0.0,725168.7142777401,
103,61,fixed_fueling,False,False,False,0,3,-3.191891195797325e-16,0.0,700402.7890998017,0.0,0.0,700402.7890998017,
104,62,fixed_fueling,False,False,False,0,3,-3.191891195797325e-16,0.0,695412.9374097716,0.0,0.0,695412.9374097716,
105,63,fixed_fueling,False,False,False,0,3,-3.191891195797325e-16,0.0,664494.7714109792,0.0,0.0,664494.7714109792,
106,64,fixed_fueling,False,False,False,0,3,-3.191891195797325e-16,0.0,712663.3500765138,0.0,0.0,712663.3500765138,
107,65,fixed_fueling,False,False,False,0,3,-3.191891195797325e-16,0.0,645289.4981735349,0.0,0.0,645289.4981735349,
108,66,fixed_fueling,False,False,False,0,3,-3.191891195797325e-16,0.0,841109.0466085118,0.0,0.0,841109.0466085118,
109,67,fixed_fueling,False,False,False,0,3,-3.191891195797325e-16,0.0,722317.9984546527,0.0,0.0,722317.9984546527,
110,68,fixed_fueling,False,False,False,0,3,-3.191891195797325e-16,0.0,668463.9353976155,0.0,0.0,668463.9353976155,
111,69,fixed_fueling,False,False,False,0,3,-3.191891195797325e-16,0.0,617823.4393176296,0.0,0.0,617823.4393176296,
112,70,fixed_fueling,False,False,False,0,3,-3.191891195797325e-16,0.0,575735.6302408957,0.0,0.0,575735.6302408957,
113,71,fixed_fueling,False,False,False,0,3,-3.191891195797325e-16,0.0,762776.1230178355,0.0,0.0,762776.1230178355,
114,72,fixed_fueling,False,False,False,0,3,-3.191891195797325e-16,0.0,597541.0306243172,0.0,0.0,597541.0306243172,
115,73,fixed_fueling,False,False,False,0,3,-3.191891195797325e-16,0.0,684275.7450816133,0.0,0.0,684275.7450816133,
116,74,fixed_fueling,False,False,False,0,3,-3.191891195797325e-16,0.0,608335.2582258681,0.0,0.0,608335.2582258681,
117,75,fixed_fueling,False,False,False,0,3,-3.191891195797325e-16,0.0,663607.330763914,0.0,0.0,663607.330763914,
118,76,fixed_fueling,False,False,False,0,3,-3.191891195797325e-16,0.0,622169.3766184382,0.0,0.0,622169.3766184382,
119,77,fixed_fueling,False,False,False,0,3,-3.191891195797325e-16,0.0,621195.3103041092,0.0,0.0,621195.3103041092,
120,78,fixed_fueling,False,False,False,0,3,-3.191891195797325e-16,0.0,622033.2341301552,0.0,0.0,622033.2341301552,
121,79,fixed_fueling,False,False,False,0,3,-3.191891195797325e-16,0.0,625647.6596604878,0.0,0.0,625647.6596604878,
122,80,fixed_fueling,False,False,False,0,3,-3.191891195797325e-16,0.0,527498.1259508319,0.0,0.0,527498.1259508319,
123,81,fixed_fueling,False,False,False,0,3,-3.191891195797325e-16,0.0,580735.9908993812,0.0,0.0,580735.9908993812,
124,82,fixed_fueling,False,False,False,0,3,-3.191891195797325e-16,0.0,622043.3228921212,0.0,0.0,622043.3228921212,
125,83,fixed_fueling,False,False,False,0,3,-3.191891195797325e-16,0.0,456382.09940615506,0.0,0.0,456382.09940615506,
126,84,fixed_fueling,False,False,False,0,3,-3.191891195797325e-16,0.0,656085.0739192818,0.0,0.0,656085.0739192818,
127,85,fixed_fueling,False,False,False,0,3,-3.191891195797325e-16,0.0,522204.48685696966,0.0,0.0,522204.48685696966,
128,86,fixed_fueling,False,False,False,0,3,-3.191891195797325e-16,0.0,647271.3136544214,0.0,0.0,647271.3136544214,
129,87,fixed_fueling,False,False,False,0,3,-3.191891195797325e-16,0.0,626703.6914679488,0.0,0.0,626703.6914679488,
130,88,fixed_fueling,False,False,False,0,3,-3.191891195797325e-16,0.0,679789.892963138,0.0,0.0,679789.892963138,
131,89,fixed_fueling,False,False,False,0,3,-3.191891195797325e-16,0.0,664028.8464536607,0.0,0.0,664028.8464536607,
132,90,fixed_fueling,False,False,False,0,3,-3.191891195797325e-16,0.0,671315.9486228713,0.0,0.0,671315.9486228713,
133,91,fixed_fueling,False,False,False,0,3,-3.191891195797325e-16,0.0,560295.6899023774,0.0,0.0,560295.6899023774,
134,92,fixed_fueling,False,False,False,0,3,-3.191891195797325e-16,0.0,718077.6713341075,0.0,0.0,718077.6713341075,
135,93,fixed_fueling,False,False,False,0,3,-3.191891195797325e-16,0.0,677070.120862435,0.0,0.0,677070.120862435,
136,94,fixed_fueling,False,False,False,0,3,-3.191891195797325e-16,0.0,628667.4148738927,0.0,0.0,628667.4148738927,
137,95,fixed_fueling,False,False,False,0,3,-3.191891195797325e-16,0.0,585347.6918561114,0.0,0.0,585347.6918561114,
138,96,fixed_fueling,False,False,False,0,3,-3.191891195797325e-16,0.0,533365.1473699443,0.0,0.0,533365.1473699443,
139,97,fixed_fueling,False,False,False,0,3,-3.191891195797325e-16,0.0,572548.8857943796,0.0,0.0,572548.8857943796,
140,98,fixed_fueling,False,False,False,0,3,-3.191891195797325e-16,0.0,597378.9549201166,0.0,0.0,597378.9549201166,
141,99,fixed_fueling,False,False,False,0,3,-3.191891195797325e-16,0.0,598712.0273363685,0.0,0.0,598712.0273363685,
42,0,price_reactive,False,False,False,0,3,-3.191891195797325e-16,0.0,653731.4972106637,0.0,0.0,653731.4972106637,
43,1,price_reactive,True,True,False,0,2,0.049999999999999684,552559.279221198,676296.0394696699,247728.8337039138,0.3999999999999994,981126.4849869543,
44,2,price_reactive,False,False,False,0,3,-3.191891195797325e-16,0.0,745744.0488616874,0.0,0.0,745744.0488616874,
45,3,price_reactive,False,False,False,0,3,-3.191891195797325e-16,0.0,611323.6593346957,0.0,0.0,611323.6593346957,
46,4,price_reactive,False,False,False,0,3,-3.191891195797325e-16,0.0,634660.0783626885,0.0,0.0,634660.0783626885,
47,5,price_reactive,False,False,False,0,3,-3.191891195797325e-16,0.0,608045.9459941215,0.0,0.0,608045.9459941215,
48,6,price_reactive,False,False,False,0,3,-3.191891195797325e-16,0.0,649625.4768097794,0.0,0.0,649625.4768097794,
49,7,price_reactive,False,False,False,0,3,-3.191891195797325e-16,0.0,709015.2534886643,0.0,0.0,709015.2534886643,
50,8,price_reactive,True,True,True,0,0,0.29999999999999966,806084.5927227531,674105.6197126411,496207.6739339068,0.7999999999999998,983982.5385014873,983982.5385014873
51,9,price_reactive,False,False,False,0,3,-3.191891195797325e-16,0.0,603822.9703622949,0.0,0.0,603822.9703622949,
52,10,price_reactive,False,False,False,0,3,-3.191891195797325e-16,0.0,599650.3743721831,0.0,0.0,599650.3743721831,
53,11,price_reactive,False,False,False,0,3,-3.191891195797325e-16,0.0,644579.4825817902,0.0,0.0,644579.4825817902,
54,12,price_reactive,False,False,False,0,3,-3.191891195797325e-16,0.0,584197.903010439,0.0,0.0,584197.903010439,
55,13,price_reactive,False,False,False,0,3,-3.191891195797325e-16,0.0,656345.3230050274,0.0,0.0,656345.3230050274,
56,14,price_reactive,False,False,False,0,3,-3.191891195797325e-16,0.0,599172.5201406932,0.0,0.0,599172.5201406932,
57,15,price_reactive,False,False,False,0,3,-3.191891195797325e-16,0.0,678693.7977799745,0.0,0.0,678693.7977799745,
58,16,price_reactive,False,False,False,0,3,-3.191891195797325e-16,0.0,613922.1645935953,0.0,0.0,613922.1645935953,
59,17,price_reactive,False,False,False,0,3,-3.191891195797325e-16,0.0,606159.9005994451,0.0,0.0,606159.9005994451,
60,18,price_reactive,False,False,False,0,3,-3.191891195797325e-16,0.0,576811.4006071428,0.0,0.0,576811.4006071428,
61,19,price_reactive,False,False,False,0,3,-3.191891195797325e-16,0.0,598209.9842130544,0.0,0.0,598209.9842130544,
62,20,price_reactive,False,False,False,0,3,-3.191891195797325e-16,0.0,563692.5143702885,0.0,0.0,563692.5143702885,
63,21,price_reactive,False,False,False,0,3,-3.191891195797325e-16,0.0,733603.4902345093,0.0,0.0,733603.4902345093,
64,22,price_reactive,False,False,False,0,3,-3.191891195797325e-16,0.0,613482.2168081823,0.0,0.0,613482.2168081823,
65,23,price_reactive,False,False,False,0,3,-3.191891195797325e-16,0.0,580292.4579195839,0.0,0.0,580292.4579195839,
66,24,price_reactive,False,False,False,0,3,-3.191891195797325e-16,0.0,676630.2327096344,0.0,0.0,676630.2327096344,
67,25,price_reactive,False,False,False,0,3,-3.191891195797325e-16,0.0,612997.6967074911,0.0,0.0,612997.6967074911,
68,26,price_reactive,False,False,False,0,3,-3.191891195797325e-16,0.0,786738.2106228374,0.0,0.0,786738.2106228374,
69,27,price_reactive,False,False,False,0,3,-3.191891195797325e-16,0.0,701871.9653351478,0.0,0.0,701871.9653351478,
70,28,price_reactive,False,False,False,0,3,-3.191891195797325e-16,0.0,629538.1328100649,0.0,0.0,629538.1328100649,
71,29,price_reactive,False,False,False,0,3,-3.191891195797325e-16,0.0,660977.1808122654,0.0,0.0,660977.1808122654,
72,30,price_reactive,False,False,False,0,3,-3.191891195797325e-16,0.0,584401.9238114762,0.0,0.0,584401.9238114762,
73,31,price_reactive,False,False,False,0,3,-3.191891195797325e-16,0.0,589330.4015905501,0.0,0.0,589330.4015905501,
74,32,price_reactive,False,False,False,0,3,-3.191891195797325e-16,0.0,669195.7715189354,0.0,0.0,669195.7715189354,
75,33,price_reactive,False,False,False,0,3,-3.191891195797325e-16,0.0,583233.2841568905,0.0,0.0,583233.2841568905,
76,34,price_reactive,False,False,False,0,3,-3.191891195797325e-16,0.0,637669.0272147184,0.0,0.0,637669.0272147184,
77,35,price_reactive,False,False,False,0,3,-3.191891195797325e-16,0.0,668876.2035780966,0.0,0.0,668876.2035780966,
78,36,price_reactive,False,False,False,0,3,-3.191891195797325e-16,0.0,611556.4652306694,0.0,0.0,611556.4652306694,
79,37,price_reactive,False,False,False,0,3,-3.191891195797325e-16,0.0,678652.7104515882,0.0,0.0,678652.7104515882,
80,38,price_reactive,False,False,False,0,3,-3.191891195797325e-16,0.0,705914.6609885317,0.0,0.0,705914.6609885317,
81,39,price_reactive,False,False,False,0,3,-3.191891195797325e-16,0.0,699082.6209686964,0.0,0.0,699082.6209686964,
82,40,price_reactive,False,False,False,0,3,-3.191891195797325e-16,0.0,780397.4013013061,0.0,0.0,780397.4013013061,
83,41,price_reactive,False,False,False,0,3,-3.191891195797325e-16,0.0,549278.3644320804,0.0,0.0,549278.3644320804,
84,42,price_reactive,False,False,False,0,3,-3.191891195797325e-16,0.0,544768.2892028476,0.0,0.0,544768.2892028476,
85,43,price_reactive,False,False,False,0,3,-3.191891195797325e-16,0.0,715404.4042561437,0.0,0.0,715404.4042561437,
86,44,price_reactive,False,False,False,0,3,-3.191891195797325e-16,0.0,539695.9797013521,0.0,0.0,539695.9797013521,
87,45,price_reactive,False,False,False,0,3,-3.191891195797325e-16,0.0,679724.1784649345,0.0,0.0,679724.1784649345,
88,46,price_reactive,False,False,False,0,3,-3.191891195797325e-16,0.0,594933.6526338996,0.0,0.0,594933.6526338996,
89,47,price_reactive,False,False,False,0,3,-3.191891195797325e-16,0.0,612827.1367866193,0.0,0.0,612827.1367866193,
90,48,price_reactive,False,False,False,0,3,-3.191891195797325e-16,0.0,759464.7891868452,0.0,0.0,759464.7891868452,
91,49,price_reactive,False,False,False,0,3,-3.191891195797325e-16,0.0,668976.6597915228,0.0,0.0,668976.6597915228,
92,50,price_reactive,False,False,False,0,3,-3.191891195797325e-16,0.0,479726.55818388425,0.0,0.0,479726.55818388425,
93,51,price_reactive,False,False,False,0,3,-3.191891195797325e-16,0.0,708435.809204324,0.0,0.0,708435.809204324,
94,52,price_reactive,False,False,False,0,3,-3.191891195797325e-16,0.0,724289.571937065,0.0,0.0,724289.571937065,
95,53,price_reactive,False,False,False,0,3,-3.191891195797325e-16,0.0,633034.6174892377,0.0,0.0,633034.6174892377,
96,54,price_reactive,False,False,False,0,3,-3.191891195797325e-16,0.0,610583.3824264024,0.0,0.0,610583.3824264024,
97,55,price_reactive,False,False,False,0,3,-3.191891195797325e-16,0.0,650015.2478690863,0.0,0.0,650015.2478690863,
98,56,price_reactive,False,False,False,0,3,-3.191891195797325e-16,0.0,562667.7202633226,0.0,0.0,562667.7202633226,
99,57,price_reactive,False,False,False,0,3,-3.191891195797325e-16,0.0,648338.38574307,0.0,0.0,648338.38574307,
100,58,price_reactive,False,False,False,0,3,-3.191891195797325e-16,0.0,578602.4998820054,0.0,0.0,578602.4998820054,
101,59,price_reactive,False,False,False,0,3,-3.191891195797325e-16,0.0,570532.2018913628,0.0,0.0,570532.2018913628,
102,60,price_reactive,False,False,False,0,3,-3.191891195797325e-16,0.0,725168.7142777401,0.0,0.0,725168.7142777401,
103,61,price_reactive,False,False,False,0,3,-3.191891195797325e-16,0.0,700402.7890998017,0.0,0.0,700402.7890998017,
104,62,price_reactive,False,False,False,0,3,-3.191891195797325e-16,0.0,695412.9374097716,0.0,0.0,695412.9374097716,
105,63,price_reactive,False,False,False,0,3,-3.191891195797325e-16,0.0,664494.7714109792,0.0,0.0,664494.7714109792,
106,64,price_reactive,False,False,False,0,3,-3.191891195797325e-16,0.0,712663.3500765138,0.0,0.0,712663.3500765138,
107,65,price_reactive,False,False,False,0,3,-3.191891195797325e-16,0.0,645289.4981735349,0.0,0.0,645289.4981735349,
108,66,price_reactive,False,False,False,0,3,-3.191891195797325e-16,0.0,841109.0466085118,0.0,0.0,841109.0466085118,
109,67,price_reactive,False,False,False,0,3,-3.191891195797325e-16,0.0,722317.9984546527,0.0,0.0,722317.9984546527,
110,68,price_reactive,False,False,False,0,3,-3.191891195797325e-16,0.0,668463.9353976155,0.0,0.0,668463.9353976155,
111,69,price_reactive,True,True,True,0,0,0.1499999999999997,378307.8899633561,617823.4393176296,87416.63482917858,0.1499999999999997,908714.6944518071,908714.6944518071
112,70,price_reactive,False,False,False,0,3,-3.191891195797325e-16,0.0,575735.6302408957,0.0,0.0,575735.6302408957,
113,71,price_reactive,False,False,False,0,3,-3.191891195797325e-16,0.0,762776.1230178355,0.0,0.0,762776.1230178355,
114,72,price_reactive,False,False,False,0,3,-3.191891195797325e-16,0.0,597541.0306243172,0.0,0.0,597541.0306243172,
115,73,price_reactive,False,False,False,0,3,-3.191891195797325e-16,0.0,684275.7450816133,0.0,0.0,684275.7450816133,
116,74,price_reactive,False,False,False,0,3,-3.191891195797325e-16,0.0,608335.2582258681,0.0,0.0,608335.2582258681,
117,75,price_reactive,False,False,False,0,3,-3.191891195797325e-16,0.0,663607.330763914,0.0,0.0,663607.330763914,
118,76,price_reactive,False,False,False,0,3,-3.191891195797325e-16,0.0,622169.3766184382,0.0,0.0,622169.3766184382,
119,77,price_reactive,False,False,False,0,3,-3.191891195797325e-16,0.0,621195.3103041092,0.0,0.0,621195.3103041092,
120,78,price_reactive,False,False,False,0,3,-3.191891195797325e-16,0.0,622033.2341301552,0.0,0.0,622033.2341301552,
121,79,price_reactive,False,False,False,0,3,-3.191891195797325e-16,0.0,625647.6596604878,0.0,0.0,625647.6596604878,
122,80,price_reactive,False,False,False,0,3,-3.191891195797325e-16,0.0,527498.1259508319,0.0,0.0,527498.1259508319,
123,81,price_reactive,False,False,False,0,3,-3.191891195797325e-16,0.0,580735.9908993812,0.0,0.0,580735.9908993812,
124,82,price_reactive,False,False,False,0,3,-3.191891195797325e-16,0.0,622043.3228921212,0.0,0.0,622043.3228921212,
125,83,price_reactive,False,False,False,0,3,-3.191891195797325e-16,0.0,456382.09940615506,0.0,0.0,456382.09940615506,
126,84,price_reactive,False,False,False,0,3,-3.191891195797325e-16,0.0,656085.0739192818,0.0,0.0,656085.0739192818,
127,85,price_reactive,False,False,False,0,3,-3.191891195797325e-16,0.0,522204.48685696966,0.0,0.0,522204.48685696966,
128,86,price_reactive,False,False,False,0,3,-3.191891195797325e-16,0.0,647271.3136544214,0.0,0.0,647271.3136544214,
129,87,price_reactive,False,False,False,0,3,-3.191891195797325e-16,0.0,626703.6914679488,0.0,0.0,626703.6914679488,
130,88,price_reactive,False,False,False,0,3,-3.191891195797325e-16,0.0,679789.892963138,0.0,0.0,679789.892963138,
131,89,price_reactive,False,False,False,0,3,-3.191891195797325e-16,0.0,664028.8464536607,0.0,0.0,664028.8464536607,
132,90,price_reactive,False,False,False,0,3,-3.191891195797325e-16,0.0,671315.9486228713,0.0,0.0,671315.9486228713,
133,91,price_reactive,False,False,False,0,3,-3.191891195797325e-16,0.0,560295.6899023774,0.0,0.0,560295.6899023774,
134,92,price_reactive,False,False,False,0,3,-3.191891195797325e-16,0.0,718077.6713341075,0.0,0.0,718077.6713341075,
135,93,price_reactive,False,False,False,0,3,-3.191891195797325e-16,0.0,677070.120862435,0.0,0.0,677070.120862435,
136,94,price_reactive,False,False,False,0,3,-3.191891195797325e-16,0.0,628667.4148738927,0.0,0.0,628667.4148738927,
137,95,price_reactive,False,False,False,0,3,-3.191891195797325e-16,0.0,585347.6918561114,0.0,0.0,585347.6918561114,
138,96,price_reactive,False,False,False,0,3,-3.191891195797325e-16,0.0,533365.1473699443,0.0,0.0,533365.1473699443,
139,97,price_reactive,False,False,False,0,3,-3.191891195797325e-16,0.0,572548.8857943796,0.0,0.0,572548.8857943796,
140,98,price_reactive,False,False,False,0,3,-3.191891195797325e-16,0.0,597378.9549201166,0.0,0.0,597378.9549201166,
141,99,price_reactive,False,False,False,0,3,-3.191891195797325e-16,0.0,598712.0273363685,0.0,0.0,598712.0273363685,
42,0,safe_stock,True,True,False,0,1,0.09999999999999969,582439.2315161598,653731.4972106637,233124.7201140397,0.34999999999999964,1003046.0086127839,
43,1,safe_stock,True,True,False,0,1,0.09999999999999969,531445.6731577368,676296.0394696699,216762.72949092468,0.34999999999999964,990978.9831364821,
44,2,safe_stock,True,True,False,0,1,0.09999999999999969,643815.6653369192,745744.0488616874,279238.2460241201,0.34999999999999964,1110321.4681744864,
45,3,safe_stock,True,True,False,0,1,0.09999999999999969,478032.2676576673,611323.6593346957,200605.35479369195,0.34999999999999964,888750.5721986708,
46,4,safe_stock,True,True,False,0,1,0.09999999999999969,531602.1454162375,634660.0783626885,231993.0493703968,0.34999999999999964,934269.1744085293,
47,5,safe_stock,True,True,False,0,1,0.09999999999999969,499758.72965887375,608045.9459941215,211873.18316509743,0.34999999999999964,895931.4924878979,
48,6,safe_stock,True,True,False,0,1,0.09999999999999969,568889.818834797,649625.4768097794,235969.07958741515,0.34999999999999964,982546.2160571613,
49,7,safe_stock,True,True,False,0,1,0.09999999999999969,653057.5585272899,709015.2534886643,276169.50012583414,0.34999999999999964,1085903.3118901202,
50,8,safe_stock,True,True,False,0,1,0.09999999999999969,540758.4942591543,674105.6197126411,217090.85734608403,0.34999999999999964,997773.2566257115,
51,9,safe_stock,True,True,False,0,1,0.09999999999999969,496962.26830346824,603822.9703622949,197678.86004491654,0.34999999999999964,903106.3786208468,
52,10,safe_stock,True,True,False,0,1,0.09999999999999969,518471.36735537223,599650.3743721831,223699.52776504582,0.34999999999999964,894422.2139625095,
53,11,safe_stock,True,True,False,0,1,0.09999999999999969,568902.1677677797,644579.4825817902,233496.27690949134,0.34999999999999964,979985.3734400787,
54,12,safe_stock,True,True,False,0,1,0.09999999999999969,512043.8463875877,584197.903010439,207787.7828197587,0.34999999999999964,888453.966578268,
55,13,safe_stock,True,True,False,0,1,0.09999999999999969,603784.2790804813,656345.3230050274,261002.48214926574,0.34999999999999964,999127.1199362429,
56,14,safe_stock,True,True,False,0,1,0.09999999999999969,536766.4839018809,599172.5201406932,218606.54827996143,0.34999999999999964,917332.4557626127,
57,15,safe_stock,True,True,False,0,1,0.09999999999999969,590232.3015869744,678693.7977799745,229986.92577101567,0.34999999999999964,1038939.1735959332,
58,16,safe_stock,True,True,False,0,1,0.09999999999999969,493783.5141301029,613922.1645935953,201985.94018211841,0.34999999999999964,905719.7385415798,
59,17,safe_stock,True,True,False,0,1,0.09999999999999969,541808.9637736013,606159.9005994451,210676.5411404674,0.34999999999999964,937292.323232579,
60,18,safe_stock,True,True,False,0,1,0.09999999999999969,522184.0182331332,576811.4006071428,207585.2801818403,0.34999999999999964,891410.1386584358,
61,19,safe_stock,True,True,False,0,1,0.09999999999999969,517795.3855915879,598209.9842130544,217061.0760118349,0.34999999999999964,898944.2937928075,
62,20,safe_stock,True,True,False,0,1,0.09999999999999969,471980.1845276646,563692.5143702885,208201.5525855089,0.34999999999999964,827471.1463124442,
63,21,safe_stock,True,True,False,0,1,0.09999999999999969,667707.5535620592,733603.4902345093,284588.59110266,0.34999999999999964,1116722.4526939087,
64,22,safe_stock,True,True,False,0,1,0.09999999999999969,516424.0234057216,613482.2168081823,226781.2344890064,0.34999999999999964,903125.0057248974,
65,23,safe_stock,True,True,False,0,1,0.09999999999999969,512138.84729983105,580292.4579195839,217089.13329782532,0.34999999999999964,875342.1719215895,
66,24,safe_stock,True,True,False,0,1,0.09999999999999969,580172.7347718882,676630.2327096344,243405.18404312272,0.34999999999999964,1013397.7834383999,
67,25,safe_stock,True,True,False,0,1,0.09999999999999969,522773.5050307917,612997.6967074911,208681.5296201272,0.34999999999999964,927089.6721181556,
68,26,safe_stock,True,True,False,0,1,0.09999999999999969,676599.2067954433,786738.2106228374,273331.48401938775,0.34999999999999964,1190005.9333988929,
69,27,safe_stock,True,True,False,0,1,0.09999999999999969,638385.2311165916,701871.9653351478,260481.77786513313,0.34999999999999964,1079775.4185866062,
70,28,safe_stock,True,True,False,0,1,0.09999999999999969,567512.7102958306,629538.1328100649,235620.003388196,0.34999999999999964,961430.8397176994,
71,29,safe_stock,True,True,False,0,1,0.09999999999999969,558678.4619835827,660977.1808122654,220829.93234119803,0.34999999999999964,998825.7104546502,
72,30,safe_stock,True,True,False,0,1,0.09999999999999969,511695.27971096215,584401.9238114762,200079.80865689434,0.34999999999999964,896017.394865544,
73,31,safe_stock,True,True,False,0,1,0.09999999999999969,482532.2417075925,589330.4015905501,202138.2945418723,0.34999999999999964,869724.3487562703,
74,32,safe_stock,True,True,False,0,1,0.09999999999999969,577456.671638655,669195.7715189354,245473.82081612875,0.34999999999999964,1001178.6223414617,
75,33,safe_stock,True,True,False,0,1,0.09999999999999969,520063.2860796345,583233.2841568905,206196.19212208802,0.34999999999999964,897100.378114437,
76,34,safe_stock,True,True,False,0,1,0.09999999999999969,573252.1914440611,637669.0272147184,234594.59990035498,0.34999999999999964,976326.6187584245,
77,35,safe_stock,True,True,False,0,1,0.09999999999999969,553468.4030121665,668876.2035780966,225575.81667567696,0.34999999999999964,996768.7899145861,
78,36,safe_stock,True,True,False,0,1,0.09999999999999969,565372.4197358798,611556.4652306694,238415.0020587918,0.34999999999999964,938513.8829077572,
79,37,safe_stock,True,True,False,0,1,0.09999999999999969,586057.9851223229,678652.7104515882,248754.29085973877,0.34999999999999964,1015956.4047141722,
80,38,safe_stock,True,True,False,0,1,0.09999999999999969,591516.1949405294,705914.6609885317,256684.09013576753,0.34999999999999964,1040746.7657932935,
81,39,safe_stock,True,True,False,0,1,0.09999999999999969,616966.4139908951,699082.6209686964,240495.4862302249,0.34999999999999964,1075553.5487293666,
82,40,safe_stock,True,True,False,0,1,0.09999999999999969,643168.4688433029,780397.4013013061,267150.19692367344,0.34999999999999964,1156415.6732209355,
83,41,safe_stock,True,True,False,0,1,0.09999999999999969,478394.3169681721,549278.3644320804,197029.74338488298,0.34999999999999964,830642.9380153695,
84,42,safe_stock,True,True,False,0,1,0.09999999999999969,431030.86975656304,544768.2892028476,176281.49155155872,0.34999999999999964,799517.6674078519,
85,43,safe_stock,True,True,False,0,1,0.09999999999999969,578980.624169173,715404.4042561437,244135.01135103192,0.34999999999999964,1050250.0170742848,
86,44,safe_stock,True,True,False,0,1,0.09999999999999969,472728.9868945339,539695.9797013521,198898.45206760426,0.34999999999999964,813526.5145282818,
87,45,safe_stock,True,True,False,0,1,0.09999999999999969,566592.8182799863,679724.1784649345,235299.09389667644,0.34999999999999964,1011017.9028482443,
88,46,safe_stock,True,True,False,0,1,0.09999999999999969,532285.6988352805,594933.6526338996,222661.76088239654,0.34999999999999964,904557.5905867836,
89,47,safe_stock,True,True,False,0,1,0.09999999999999969,515492.1818101435,612827.1367866193,209880.39705527207,0.34999999999999964,918438.9215414908,
90,48,safe_stock,True,True,False,0,1,0.09999999999999969,661882.5881278574,759464.7891868452,264955.00617980055,0.34999999999999964,1156392.3711349021,
91,49,safe_stock,True,True,False,0,1,0.09999999999999969,604482.2411051326,668976.6597915228,249108.28500822114,0.34999999999999964,1024350.6158884342,
92,50,safe_stock,True,True,False,0,1,0.09999999999999969,393392.7993004147,479726.55818388425,163031.43578170642,0.34999999999999964,710087.9217025926,
93,51,safe_stock,True,True,False,0,1,0.09999999999999969,655855.9555219463,708435.809204324,268509.6402191964,0.34999999999999964,1095782.124507074,
94,52,safe_stock,True,True,False,0,1,0.09999999999999969,597238.92119073,724289.571937065,236567.35786001117,0.34999999999999964,1084961.135267784,
95,53,safe_stock,True,True,False,0,1,0.09999999999999969,535081.9697762794,633034.6174892377,221814.0630723794,0.34999999999999964,946302.5241931377,
96,54,safe_stock,True,True,False,0,1,0.09999999999999969,520609.63569448405,610583.3824264024,215635.43817754742,0.34999999999999964,915557.5799433391,
97,55,safe_stock,True,True,False,0,1,0.09999999999999969,520880.06360825204,650015.2478690863,203771.39199247907,0.34999999999999964,967123.9194848593,
98,56,safe_stock,True,True,False,0,1,0.09999999999999969,483765.6032456958,562667.7202633226,212914.6318027418,0.34999999999999964,833518.6917062766,
99,57,safe_stock,True,True,False,0,1,0.09999999999999969,571656.9554111217,648338.38574307,229327.32832188933,0.34999999999999964,990668.0128323024,
100,58,safe_stock,True,True,False,0,1,0.09999999999999969,515488.8788472447,578602.4998820054,216438.94437630376,0.34999999999999964,877652.4343529462,
101,59,safe_stock,True,True,False,0,1,0.09999999999999969,475756.9775514094,570532.2018913628,198241.05895027902,0.34999999999999964,848048.1204924932,
102,60,safe_stock,True,True,False,0,1,0.09999999999999969,640074.3568085551,725168.7142777401,252759.60031819428,0.34999999999999964,1112483.4707681008,
103,61,safe_stock,True,True,False,0,1,0.09999999999999969,567761.1673633591,700402.7890998017,241897.8610462762,0.34999999999999964,1026266.0954168848,
104,62,safe_stock,True,True,False,0,1,0.09999999999999969,652418.4637286201,695412.9374097716,266467.85750613635,0.34999999999999964,1081363.5436322554,
105,63,safe_stock,True,True,False,0,1,0.09999999999999969,560943.1539788679,664494.7714109792,231092.91624276253,0.34999999999999964,994345.0091470848,
106,64,safe_stock,True,True,False,0,1,0.09999999999999969,617224.5812649574,712663.3500765138,246964.22115919317,0.34999999999999964,1082923.710182278,
107,65,safe_stock,True,True,False,0,1,0.09999999999999969,542149.9551048239,645289.4981735349,231507.67755815736,0.34999999999999964,955931.7757202014,
108,66,safe_stock,True,True,False,0,1,0.09999999999999969,732777.0551927269,841109.0466085118,300374.7169063791,0.34999999999999964,1273511.3848948595,
109,67,safe_stock,True,True,False,0,1,0.09999999999999969,632186.9617205445,722317.9984546527,266685.12835411873,0.34999999999999964,1087819.8318210784,
110,68,safe_stock,True,True,False,0,1,0.09999999999999969,579080.7277783563,668463.9353976155,251823.35929728742,0.34999999999999964,995721.3038786843,
111,69,safe_stock,True,True,False,0,1,0.09999999999999969,508435.12553506385,617823.4393176296,203972.14793475025,0.34999999999999964,922286.4169179432,
112,70,safe_stock,True,True,False,0,1,0.09999999999999969,482911.6868660387,575735.6302408957,204082.06486709337,0.34999999999999964,854565.2522398409,
113,71,safe_stock,True,True,False,0,1,0.09999999999999969,666547.6458065059,762776.1230178355,270751.5770884005,0.34999999999999964,1158572.191735941,
114,72,safe_stock,True,True,False,0,1,0.09999999999999969,507322.8488003717,597541.0306243172,208440.8922162427,0.34999999999999964,896422.9872084461,
115,73,safe_stock,True,True,False,0,1,0.09999999999999969,551093.593906463,684275.7450816133,230387.4847495556,0.34999999999999964,1004981.8542385208,
116,74,safe_stock,True,True,False,0,1,0.09999999999999969,515724.7127587397,608335.2582258681,215259.90420469025,0.34999999999999964,908800.0667799177,
117,75,safe_stock,True,True,False,0,1,0.09999999999999969,540308.1943842042,663607.330763914,234198.17098987865,0.34999999999999964,969717.3541582397,
118,76,safe_stock,True,True,False,0,1,0.09999999999999969,531010.1572269904,622169.3766184382,224129.97045251646,0.34999999999999964,929049.5633929122,
119,77,safe_stock,True,True,False,0,1,0.09999999999999969,514769.54482784984,621195.3103041092,215945.3774890805,0.34999999999999964,920019.4776428785,
120,78,safe_stock,True,True,False,0,1,0.09999999999999969,524758.587979334,622033.2341301552,216224.14224554104,0.34999999999999964,930567.6798639481,
121,79,safe_stock,True,True,False,0,1,0.09999999999999969,536381.3592767261,625647.6596604878,208442.74922661905,0.34999999999999964,953586.2697105948,
122,80,safe_stock,True,True,False,0,1,0.09999999999999969,446537.61537656066,527498.1259508319,173070.37521430833,0.34999999999999964,800965.3661130844,
123,81,safe_stock,True,True,False,0,1,0.09999999999999969,526238.698877236,580735.9908993812,223102.274077251,0.34999999999999964,883872.4156993661,
124,82,safe_stock,True,True,False,0,1,0.09999999999999969,494635.603475618,622043.3228921212,205915.783213545,0.34999999999999964,910763.1431541942,
125,83,safe_stock,True,True,False,0,1,0.09999999999999969,357460.7759825033,456382.09940615506,148674.81157299454,0.34999999999999964,665168.0638156638,
126,84,safe_stock,True,True,False,0,1,0.09999999999999969,538843.2754281263,656085.0739192818,226063.07074583432,0.34999999999999964,968865.2786015738,
127,85,safe_stock,True,True,False,0,1,0.09999999999999969,435858.0748398989,522204.48685696966,185644.95858354185,0.34999999999999964,772417.6031133267,
128,86,safe_stock,True,True,False,0,1,0.09999999999999969,545361.286733034,647271.3136544214,223869.14217886943,0.34999999999999964,968763.458208586,
129,87,safe_stock,True,True,False,0,1,0.09999999999999969,544509.8643868954,626703.6914679488,214373.96409816964,0.34999999999999964,956839.5917566747,
130,88,safe_stock,True,True,False,0,1,0.09999999999999969,561089.570937392,679789.892963138,239283.16835929456,0.34999999999999964,1001596.2955412352,
131,89,safe_stock,True,True,False,0,1,0.09999999999999969,603156.5121742559,664028.8464536607,246813.4421090687,0.34999999999999964,1020371.916518848,
132,90,safe_stock,True,True,False,0,1,0.09999999999999969,532429.7861328634,671315.9486228713,223010.65033071305,0.34999999999999964,980735.0844250217,
133,91,safe_stock,True,True,False,0,1,0.09999999999999969,483173.5819921415,560295.6899023774,202819.9630698432,0.34999999999999964,840649.3088246759,
134,92,safe_stock,True,True,False,0,1,0.09999999999999969,581499.9198369537,718077.6713341075,243380.74100921105,0.34999999999999964,1056196.85016185,
135,93,safe_stock,True,True,False,0,1,0.09999999999999969,573163.5339016039,677070.120862435,236098.56871248723,0.34999999999999964,1014135.0860515517,
136,94,safe_stock,True,True,False,0,1,0.09999999999999969,533631.4458097703,628667.4148738927,223584.42550379463,0.34999999999999964,938714.4351798682,
137,95,safe_stock,True,True,False,0,1,0.09999999999999969,464599.4130272627,585347.6918561114,203235.31547182336,0.34999999999999964,846711.7894115509,
138,96,safe_stock,True,True,False,0,1,0.09999999999999969,434646.007769388,533365.1473699443,183188.55488828724,0.34999999999999964,784822.600251045,
139,97,safe_stock,True,True,False,0,1,0.09999999999999969,490250.15715023293,572548.8857943796,199169.64845452862,0.34999999999999964,863629.3944900838,
140,98,safe_stock,True,True,False,0,1,0.09999999999999969,502683.6638292443,597378.9549201166,220586.24460939103,0.34999999999999964,879476.3741399699,
141,99,safe_stock,True,True,False,0,1,0.09999999999999969,507569.44096763845,598712.0273363685,211989.91323666804,0.34999999999999964,894291.5550673387,
42,0,double_dqn,True,True,True,0,0,0.4999999999999996,813274.3244361178,653731.4972106637,466249.4402280797,0.6999999999999997,1000756.381418702,1000756.381418702
43,1,double_dqn,True,True,True,0,0,0.6499999999999997,881288.9784057627,676296.0394696699,557389.8758338069,0.8999999999999999,1000195.1420416256,1000195.1420416256
44,2,double_dqn,True,True,True,0,0,0.4499999999999996,1040105.5446929359,745744.0488616874,678150.0260585778,0.8499999999999999,1107699.5674960455,1107699.5674960455
45,3,double_dqn,True,True,True,0,0,0.6499999999999997,810304.1793388904,611323.6593346957,515842.3408980655,0.8999999999999999,905785.4977755205,905785.4977755205
46,4,double_dqn,True,True,True,0,0,0.5499999999999996,862992.1298853174,634660.0783626885,563411.6913281069,0.8499999999999999,934240.516919899,934240.516919899
47,5,double_dqn,True,True,True,0,0,0.4999999999999996,775687.6654737233,608045.9459941215,484281.5615202231,0.7999999999999998,899452.0499476218,899452.0499476218
48,6,double_dqn,True,True,True,0,0,0.5499999999999996,914051.4275579258,649625.4768097794,573067.7647122944,0.8499999999999999,990609.1396554109,990609.1396554109
49,7,double_dqn,True,True,True,0,0,0.4499999999999996,830257.0329776802,709015.2534886643,473433.4287871444,0.5999999999999996,1065838.8576792001,1065838.8576792001
50,8,double_dqn,True,True,True,0,0,0.5999999999999996,920120.0024954687,674105.6197126411,589246.6127965144,0.95,1004979.0094115954,1004979.0094115954
51,9,double_dqn,True,True,True,0,0,0.6499999999999997,845218.2495469361,603822.9703622949,536556.9058362026,0.95,912484.3140730286,912484.3140730286
52,10,double_dqn,True,True,True,0,0,0.4999999999999996,890022.4831849438,599650.3743721831,607184.432505125,0.95,882488.4250520018,882488.4250520018
53,11,double_dqn,True,True,True,0,0,0.5499999999999996,892155.9333129177,644579.4825817902,567062.3867801938,0.8499999999999999,969673.0291145141,969673.0291145141
54,12,double_dqn,True,True,True,0,0,0.5499999999999996,806227.7041434218,584197.903010439,504627.4725622715,0.8499999999999999,885798.1345915893,885798.1345915893
55,13,double_dqn,True,True,True,0,0,0.5999999999999996,881650.3977437111,656345.3230050274,559291.0331769984,0.7499999999999998,978704.68757174,978704.68757174
56,14,double_dqn,True,True,True,0,0,0.4999999999999996,845843.6848377925,599172.5201406932,530901.6172513353,0.8499999999999999,914114.5877271503,914114.5877271503
57,15,double_dqn,True,True,True,0,0,0.5999999999999996,971446.0883666988,678693.7977799745,624250.2270927574,0.95,1025889.6590539161,1025889.6590539161
58,16,double_dqn,True,True,True,0,0,0.5999999999999996,835949.8992359365,613922.1645935953,548247.5519228934,0.95,901624.5119066385,901624.5119066385
59,17,double_dqn,True,True,True,0,0,0.5999999999999996,904413.9550354488,606159.9005994451,571836.3259526978,0.95,938737.529682196,938737.529682196
60,18,double_dqn,True,True,True,0,0,0.5499999999999996,845546.1227640186,576811.4006071428,533790.7204675898,0.8999999999999999,888566.8029035716,888566.8029035716
61,19,double_dqn,True,True,True,0,0,0.5499999999999996,827169.4419077209,598209.9842130544,527148.3274573138,0.8499999999999999,898231.0986634615,898231.0986634615
62,20,double_dqn,True,True,True,0,0,0.5499999999999996,700841.6072726457,563692.5143702885,446146.1841118051,0.7499999999999998,818387.937531129,818387.937531129
63,21,double_dqn,True,True,True,0,0,0.5499999999999996,859405.8235412928,733603.4902345093,487866.1561759887,0.5999999999999996,1105143.1575998133,1105143.1575998133
64,22,double_dqn,True,True,True,0,0,0.5999999999999996,742912.0516647235,613482.2168081823,453562.4689780131,0.6999999999999997,902831.7994948926,902831.7994948926
65,23,double_dqn,True,True,True,0,0,0.5499999999999996,746196.5092432611,580292.4579195839,465190.9999239117,0.7499999999999998,861297.9672389333,861297.9672389333
66,24,double_dqn,True,True,True,0,0,0.5499999999999996,711901.8399645342,676630.2327096344,382493.860639193,0.5499999999999996,1006038.2120349755,1006038.2120349755
67,25,double_dqn,True,True,True,0,0,0.5499999999999996,844380.1712902945,612997.6967074911,536609.6475946133,0.8999999999999999,920768.2204031723,920768.2204031723
68,26,double_dqn,True,True,True,0,0,0.5499999999999996,1076819.276383691,786738.2106228374,663805.0326185137,0.8499999999999999,1199752.4543880145,1199752.4543880145
69,27,double_dqn,True,True,True,0,0,0.5499999999999996,859586.9160304349,701871.9653351478,483751.87317810464,0.6499999999999997,1077707.0081874782,1077707.0081874782
70,28,double_dqn,True,True,True,0,0,0.4999999999999996,974057.7862071013,629538.1328100649,639540.0091965327,0.95,964055.9098206337,964055.9098206337
71,29,double_dqn,True,True,True,0,0,0.34999999999999964,916448.2256081736,660977.1808122654,567848.3974487954,0.8999999999999999,1009577.0089716436,1009577.0089716436
72,30,double_dqn,True,True,True,0,0,0.5499999999999996,763975.2133652775,584401.9238114762,457325.2769300446,0.7999999999999998,891051.8602467091,891051.8602467091
73,31,double_dqn,True,True,True,0,0,0.4999999999999996,788167.2691032983,589330.4015905501,490907.2867445475,0.8499999999999999,886590.3839493007,886590.3839493007
74,32,double_dqn,True,True,True,0,0,0.34999999999999964,840299.8582460987,669195.7715189354,526015.3303202763,0.7499999999999998,983480.2994447579,983480.2994447579
75,33,double_dqn,True,True,True,0,0,0.5499999999999996,780703.952561702,583233.2841568905,471305.5819933444,0.7999999999999998,892631.654725248,892631.654725248
76,34,double_dqn,True,True,True,0,0,0.5499999999999996,876467.0348466937,637669.0272147184,536216.228343669,0.7999999999999998,977919.8337177433,977919.8337177433
77,35,double_dqn,True,True,True,0,0,0.5999999999999996,842224.4521210636,668876.2035780966,515601.866687262,0.7999999999999998,995498.7890118982,995498.7890118982
78,36,double_dqn,True,True,True,0,0,0.5999999999999996,823800.4313916806,611556.4652306694,510889.2901259828,0.7499999999999998,924467.6064963671,924467.6064963671
79,37,double_dqn,True,True,True,0,0,0.39999999999999963,962154.7940710506,678652.7104515882,639653.890782186,0.8999999999999999,1001153.6137404529,1001153.6137404529
80,38,double_dqn,True,True,True,0,0,0.4499999999999996,941320.2491371547,705914.6609885317,623375.6474725789,0.8499999999999999,1023859.2626531074,1023859.2626531074
81,39,double_dqn,True,True,True,0,0,0.4999999999999996,1043872.923482657,699082.6209686964,652773.4626248968,0.95,1090182.0818264566,1090182.0818264566
82,40,double_dqn,True,True,True,0,0,0.4999999999999996,1069787.8814075533,780397.4013013061,686957.6492323038,0.8999999999999999,1163227.6334765558,1163227.6334765558
83,41,double_dqn,True,True,True,0,0,0.5999999999999996,669679.9885157282,549278.3644320804,394059.4867697662,0.6999999999999997,824898.8661780424,824898.8661780424
84,42,double_dqn,True,True,True,0,0,0.5999999999999996,744710.0928701669,544768.2892028476,478478.3342113741,0.95,811000.0478616403,811000.0478616403
85,43,double_dqn,True,True,True,0,0,0.39999999999999963,928127.2903321182,715404.4042561437,592899.313281078,0.8499999999999999,1050632.3813071838,1050632.3813071838
86,44,double_dqn,True,True,True,0,0,0.5499999999999996,759973.2692693693,539695.9797013521,483039.09787846793,0.8499999999999999,816630.1510922534,816630.1510922534
87,45,double_dqn,True,True,True,0,0,0.4999999999999996,980518.1526220507,679724.1784649345,638668.9691481224,0.95,1021573.361938863,1021573.361938863
88,46,double_dqn,True,True,True,0,0,0.4999999999999996,834114.0061348914,594933.6526338996,540749.990714392,0.8499999999999999,888297.668054399,888297.668054399
89,47,double_dqn,True,True,True,0,0,0.4499999999999996,827987.0855348376,612827.1367866193,509709.53570566117,0.8499999999999999,931104.6866157956,931104.6866157956
90,48,double_dqn,True,True,True,0,0,0.5499999999999996,1018313.0687629372,759464.7891868452,605611.4426966874,0.7999999999999998,1172166.4152530949,1172166.4152530949
91,49,double_dqn,True,True,True,0,0,0.5499999999999996,943495.7935736608,668976.6597915228,604977.2635913948,0.8499999999999999,1007495.1897737887,1007495.1897737887
92,50,double_dqn,True,True,True,0,0,0.6999999999999997,650380.9661862059,479726.55818388425,419223.69201010256,0.8999999999999999,710883.8323599875,710883.8323599875
93,51,double_dqn,True,True,True,0,0,0.4999999999999996,945281.185000222,708435.809204324,575377.800469707,0.7499999999999998,1078339.1937348389,1078339.1937348389
94,52,double_dqn,True,True,True,0,0,0.4999999999999996,1015391.3665009518,724289.571937065,642111.3999057452,0.95,1097569.5385322717,1097569.5385322717
95,53,double_dqn,True,True,True,0,0,0.4999999999999996,784806.8162028602,633034.6174892377,475315.84944081336,0.7499999999999998,942525.5842512846,942525.5842512846
96,54,double_dqn,True,True,True,0,0,0.5999999999999996,768983.4823505636,610583.3824264024,462075.93895188766,0.7499999999999998,917490.9258250785,917490.9258250785
97,55,double_dqn,True,True,True,0,0,0.5999999999999996,882682.3862703652,650015.2478690863,553093.7782653008,0.95,979603.8558741509,979603.8558741509
98,56,double_dqn,True,True,True,0,0,0.5999999999999996,695141.0599112823,562667.7202633226,425829.26360548387,0.6999999999999997,831979.516569121,831979.516569121
99,57,double_dqn,True,True,True,0,0,0.4499999999999996,956474.7817835824,648338.38574307,622459.8911594145,0.95,982353.276367238,982353.276367238
100,58,double_dqn,True,True,True,0,0,0.5499999999999996,820895.1303204875,578602.4998820054,525637.4363424524,0.8499999999999999,873860.1938600405,873860.1938600405
101,59,double_dqn,True,True,True,0,0,0.4499999999999996,793672.0669628319,570532.2018913628,509762.7230150037,0.8999999999999999,854441.5458391911,854441.5458391911
102,60,double_dqn,True,True,True,0,0,0.5499999999999996,1024951.240580006,725168.7142777401,649953.2579610716,0.8999999999999999,1100166.6968966746,1100166.6968966746
103,61,double_dqn,True,True,True,0,0,0.5499999999999996,730465.4133290723,700402.7890998017,414682.0475079022,0.5999999999999996,1016186.154920972,1016186.154920972
104,62,double_dqn,True,True,True,0,0,0.5499999999999996,858463.6242423318,695412.9374097716,494868.87822568207,0.6499999999999997,1059007.6834264214,1059007.6834264214
105,63,double_dqn,True,True,True,0,0,0.5499999999999996,834161.8130305405,664494.7714109792,495199.10623449145,0.7499999999999998,1003457.4782070284,1003457.4782070284
106,64,double_dqn,True,True,True,0,0,0.5499999999999996,860842.4628422378,712663.3500765138,493928.44231838663,0.6999999999999997,1079577.3706003649,1079577.3706003649
107,65,double_dqn,True,True,True,0,0,0.4999999999999996,819922.6700272352,645289.4981735349,496087.8804817661,0.7499999999999998,969124.2877190039,969124.2877190039
108,66,double_dqn,True,True,True,0,0,0.4499999999999996,1144933.4947436047,841109.0466085118,729481.4553440642,0.8499999999999999,1256561.0860080523,1256561.0860080523
109,67,double_dqn,True,True,True,0,0,0.4999999999999996,929254.9987351664,722317.9984546527,571468.1321873977,0.7499999999999998,1080104.8650024214,1080104.8650024214
110,68,double_dqn,True,True,True,0,0,0.34999999999999964,974719.8998767303,668463.9353976155,647545.7810501682,0.8999999999999999,995638.0542241775,995638.0542241775
111,69,double_dqn,True,True,True,0,0,0.5999999999999996,859242.7734281457,617823.4393176296,553638.6872514655,0.95,923427.5254943097,923427.5254943097
112,70,double_dqn,True,True,True,0,0,0.5499999999999996,707143.4179470243,575735.6302408957,437318.7104294861,0.7499999999999998,845560.3377584338,845560.3377584338
113,71,double_dqn,True,True,True,0,0,0.4999999999999996,971753.9841057542,762776.1230178355,580181.9509037158,0.7499999999999998,1154348.1562198738,1154348.1562198738
114,72,double_dqn,True,True,True,0,0,0.5499999999999996,747479.8233692958,597541.0306243172,446659.05474909185,0.7499999999999998,898361.7992445212,898361.7992445212
115,73,double_dqn,True,True,True,0,0,0.4499999999999996,913343.0854882551,684275.7450816133,592424.9607845721,0.8999999999999999,1005193.8697852964,1005193.8697852964
116,74,double_dqn,True,True,True,0,0,0.4499999999999996,732668.6128204959,608335.2582258681,430519.8084093808,0.6999999999999997,910484.0626369831,910484.0626369831
117,75,double_dqn,True,True,True,0,0,0.5999999999999996,843842.5364598652,663607.330763914,535310.105119723,0.7999999999999998,972139.7621040562,972139.7621040562
118,76,double_dqn,True,True,True,0,0,0.4999999999999996,845613.8448427862,622169.3766184382,544315.6425275404,0.8499999999999999,923467.5789336839,923467.5789336839
119,77,double_dqn,True,True,True,0,0,0.5499999999999996,787544.2224437395,621195.3103041092,493589.43426075584,0.7999999999999998,915150.0984870931,915150.0984870931
120,78,double_dqn,True,True,True,0,0,0.6499999999999997,744741.4177598095,622033.2341301552,432448.2844910823,0.6999999999999997,934326.3673988824,934326.3673988824
121,79,double_dqn,True,True,True,0,0,0.4499999999999996,900608.340068784,625647.6596604878,565773.1764722522,0.95,960482.8232570195,960482.8232570195
122,80,double_dqn,True,True,True,0,0,0.6499999999999997,686130.9551956154,527498.1259508319,420313.7683776063,0.8499999999999999,793315.3127688412,793315.3127688412
123,81,double_dqn,True,True,True,0,0,0.6499999999999997,744569.9680645377,580735.9908993812,446204.5481545023,0.6999999999999997,879101.4108094167,879101.4108094167
124,82,double_dqn,True,True,True,0,0,0.5499999999999996,802475.448962254,622043.3228921212,500081.18780432397,0.8499999999999999,924437.584050051,924437.584050051
125,83,double_dqn,True,True,True,0,0,0.7499999999999998,612065.0101432432,456382.09940615506,403545.9171266998,0.95,664901.1924226985,664901.1924226985
126,84,double_dqn,True,True,True,0,0,0.5499999999999996,735668.912292779,656085.0739192818,419831.4170994068,0.6499999999999997,971922.569112654,971922.569112654
127,85,double_dqn,True,True,True,0,0,0.6499999999999997,727119.1559835258,522204.48685696966,477372.7506433938,0.8999999999999999,771950.8921971016,771950.8921971016
128,86,double_dqn,True,True,True,0,0,0.4499999999999996,929884.2366874288,647271.3136544214,607644.8144855034,0.95,969510.7358563468,969510.7358563468
129,87,double_dqn,True,True,True,0,0,0.5999999999999996,918711.9063583829,626703.6914679488,581872.188266461,0.95,963543.4095598708,963543.4095598708
130,88,double_dqn,True,True,True,0,0,0.4999999999999996,759676.8160176512,679789.892963138,444383.0269529759,0.6499999999999997,995083.6820278133,995083.6820278133
131,89,double_dqn,True,True,True,0,0,0.5499999999999996,945303.451617242,664028.8464536607,599404.0736934531,0.8499999999999999,1009928.2243774496,1009928.2243774496
132,90,double_dqn,True,True,True,0,0,0.4499999999999996,798098.5730489616,671315.9486228713,477879.96499438543,0.7499999999999998,991534.5566774476,991534.5566774476
133,91,double_dqn,True,True,True,0,0,0.4999999999999996,823294.5750871724,560295.6899023774,550511.328332432,0.95,833078.9366571178,833078.9366571178
134,92,double_dqn,True,True,True,0,0,0.5499999999999996,815912.0437163553,718077.6713341075,486761.4820184224,0.6999999999999997,1047228.2330320405,1047228.2330320405
135,93,double_dqn,True,True,True,0,0,0.5499999999999996,934181.8459259615,677070.120862435,607110.605260682,0.8999999999999999,1004141.3615277145,1004141.3615277145
136,94,double_dqn,True,True,True,0,0,0.4999999999999996,922777.461545167,628667.4148738927,606872.0120817289,0.95,944572.8643373308,944572.8643373308
137,95,double_dqn,True,True,True,0,0,0.5499999999999996,730780.387899054,585347.6918561114,464537.8639355966,0.7999999999999998,851590.2158195688,851590.2158195688
138,96,double_dqn,True,True,True,0,0,0.6499999999999997,698065.1487469068,533365.1473699443,444886.49044298363,0.8499999999999999,786543.8056738675,786543.8056738675
139,97,double_dqn,True,True,True,0,0,0.4999999999999996,835701.2117632125,572548.8857943796,540603.3315194354,0.95,867646.7660381568,867646.7660381568
140,98,double_dqn,True,True,True,0,0,0.5999999999999996,737823.6851047134,597378.9549201166,472684.8098772668,0.7499999999999998,862517.8301475632,862517.8301475632
141,99,double_dqn,True,True,True,0,0,0.5999999999999996,742178.5266868309,598712.0273363685,454264.09979286045,0.7499999999999998,886626.4542303388,886626.4542303388
