quantity_t_assumed,premium_KRW_t_assumed,hours_assumed,hourly_facility_fee_KRW_assumed,hourly_time_cost_KRW_assumed,discount_KRW,separate_without_discount_KRW,separate_with_discount_KRW,simultaneous_KRW,choice_without,choice_with,break_even_premium_without_KRW_t,break_even_premium_with_KRW_t
100,0,4,10000,0,40000,80040000,80000000,80000000,simultaneous,tie,400.0,0.0
100,0,4,10000,100000,40000,80440000,80400000,80000000,simultaneous,simultaneous,4400.0,4000.0
100,0,4,50000,0,200000,80200000,80000000,80000000,simultaneous,tie,2000.0,0.0
100,0,4,50000,100000,200000,80600000,80400000,80000000,simultaneous,simultaneous,6000.0,4000.0
100,0,12,10000,0,120000,80120000,80000000,80000000,simultaneous,tie,1200.0,0.0
100,0,12,10000,100000,120000,81320000,81200000,80000000,simultaneous,simultaneous,13200.0,12000.0
100,0,12,50000,0,600000,80600000,80000000,80000000,simultaneous,tie,6000.0,0.0
100,0,12,50000,100000,600000,81800000,81200000,80000000,simultaneous,simultaneous,18000.0,12000.0
100,0,18,10000,0,120000,80180000,80060000,80000000,simultaneous,simultaneous,1800.0,600.0
100,0,18,10000,100000,120000,81980000,81860000,80000000,simultaneous,simultaneous,19800.0,18600.0
100,0,18,50000,0,600000,80900000,80300000,80000000,simultaneous,simultaneous,9000.0,3000.0
100,0,18,50000,100000,600000,82700000,82100000,80000000,simultaneous,simultaneous,27000.0,21000.0
100,1000,4,10000,0,40000,80040000,80000000,80100000,separate,separate,400.0,0.0
100,1000,4,10000,100000,40000,80440000,80400000,80100000,simultaneous,simultaneous,4400.0,4000.0
100,1000,4,50000,0,200000,80200000,80000000,80100000,simultaneous,separate,2000.0,0.0
100,1000,4,50000,100000,200000,80600000,80400000,80100000,simultaneous,simultaneous,6000.0,4000.0
100,1000,12,10000,0,120000,80120000,80000000,80100000,simultaneous,separate,1200.0,0.0
100,1000,12,10000,100000,120000,81320000,81200000,80100000,simultaneous,simultaneous,13200.0,12000.0
100,1000,12,50000,0,600000,80600000,80000000,80100000,simultaneous,separate,6000.0,0.0
100,1000,12,50000,100000,600000,81800000,81200000,80100000,simultaneous,simultaneous,18000.0,12000.0
100,1000,18,10000,0,120000,80180000,80060000,80100000,simultaneous,separate,1800.0,600.0
100,1000,18,10000,100000,120000,81980000,81860000,80100000,simultaneous,simultaneous,19800.0,18600.0
100,1000,18,50000,0,600000,80900000,80300000,80100000,simultaneous,simultaneous,9000.0,3000.0
100,1000,18,50000,100000,600000,82700000,82100000,80100000,simultaneous,simultaneous,27000.0,21000.0
100,5000,4,10000,0,40000,80040000,80000000,80500000,separate,separate,400.0,0.0
100,5000,4,10000,100000,40000,80440000,80400000,80500000,separate,separate,4400.0,4000.0
100,5000,4,50000,0,200000,80200000,80000000,80500000,separate,separate,2000.0,0.0
100,5000,4,50000,100000,200000,80600000,80400000,80500000,simultaneous,separate,6000.0,4000.0
100,5000,12,10000,0,120000,80120000,80000000,80500000,separate,separate,1200.0,0.0
100,5000,12,10000,100000,120000,81320000,81200000,80500000,simultaneous,simultaneous,13200.0,12000.0
100,5000,12,50000,0,600000,80600000,80000000,80500000,simultaneous,separate,6000.0,0.0
100,5000,12,50000,100000,600000,81800000,81200000,80500000,simultaneous,simultaneous,18000.0,12000.0
100,5000,18,10000,0,120000,80180000,80060000,80500000,separate,separate,1800.0,600.0
100,5000,18,10000,100000,120000,81980000,81860000,80500000,simultaneous,simultaneous,19800.0,18600.0
100,5000,18,50000,0,600000,80900000,80300000,80500000,simultaneous,separate,9000.0,3000.0
100,5000,18,50000,100000,600000,82700000,82100000,80500000,simultaneous,simultaneous,27000.0,21000.0
500,0,4,10000,0,40000,400040000,400000000,400000000,simultaneous,tie,80.0,0.0
500,0,4,10000,100000,40000,400440000,400400000,400000000,simultaneous,simultaneous,880.0,800.0
500,0,4,50000,0,200000,400200000,400000000,400000000,simultaneous,tie,400.0,0.0
500,0,4,50000,100000,200000,400600000,400400000,400000000,simultaneous,simultaneous,1200.0,800.0
500,0,12,10000,0,120000,400120000,400000000,400000000,simultaneous,tie,240.0,0.0
500,0,12,10000,100000,120000,401320000,401200000,400000000,simultaneous,simultaneous,2640.0,2400.0
500,0,12,50000,0,600000,400600000,400000000,400000000,simultaneous,tie,1200.0,0.0
500,0,12,50000,100000,600000,401800000,401200000,400000000,simultaneous,simultaneous,3600.0,2400.0
500,0,18,10000,0,120000,400180000,400060000,400000000,simultaneous,simultaneous,360.0,120.0
500,0,18,10000,100000,120000,401980000,401860000,400000000,simultaneous,simultaneous,3960.0,3720.0
500,0,18,50000,0,600000,400900000,400300000,400000000,simultaneous,simultaneous,1800.0,600.0
500,0,18,50000,100000,600000,402700000,402100000,400000000,simultaneous,simultaneous,5400.0,4200.0
500,1000,4,10000,0,40000,400040000,400000000,400500000,separate,separate,80.0,0.0
500,1000,4,10000,100000,40000,400440000,400400000,400500000,separate,separate,880.0,800.0
500,1000,4,50000,0,200000,400200000,400000000,400500000,separate,separate,400.0,0.0
500,1000,4,50000,100000,200000,400600000,400400000,400500000,simultaneous,separate,1200.0,800.0
500,1000,12,10000,0,120000,400120000,400000000,400500000,separate,separate,240.0,0.0
500,1000,12,10000,100000,120000,401320000,401200000,400500000,simultaneous,simultaneous,2640.0,2400.0
500,1000,12,50000,0,600000,400600000,400000000,400500000,simultaneous,separate,1200.0,0.0
500,1000,12,50000,100000,600000,401800000,401200000,400500000,simultaneous,simultaneous,3600.0,2400.0
500,1000,18,10000,0,120000,400180000,400060000,400500000,separate,separate,360.0,120.0
500,1000,18,10000,100000,120000,401980000,401860000,400500000,simultaneous,simultaneous,3960.0,3720.0
500,1000,18,50000,0,600000,400900000,400300000,400500000,simultaneous,separate,1800.0,600.0
500,1000,18,50000,100000,600000,402700000,402100000,400500000,simultaneous,simultaneous,5400.0,4200.0
500,5000,4,10000,0,40000,400040000,400000000,402500000,separate,separate,80.0,0.0
500,5000,4,10000,100000,40000,400440000,400400000,402500000,separate,separate,880.0,800.0
500,5000,4,50000,0,200000,400200000,400000000,402500000,separate,separate,400.0,0.0
500,5000,4,50000,100000,200000,400600000,400400000,402500000,separate,separate,1200.0,800.0
500,5000,12,10000,0,120000,400120000,400000000,402500000,separate,separate,240.0,0.0
500,5000,12,10000,100000,120000,401320000,401200000,402500000,separate,separate,2640.0,2400.0
500,5000,12,50000,0,600000,400600000,400000000,402500000,separate,separate,1200.0,0.0
500,5000,12,50000,100000,600000,401800000,401200000,402500000,separate,separate,3600.0,2400.0
500,5000,18,10000,0,120000,400180000,400060000,402500000,separate,separate,360.0,120.0
500,5000,18,10000,100000,120000,401980000,401860000,402500000,separate,separate,3960.0,3720.0
500,5000,18,50000,0,600000,400900000,400300000,402500000,separate,separate,1800.0,600.0
500,5000,18,50000,100000,600000,402700000,402100000,402500000,simultaneous,separate,5400.0,4200.0
