split,eta,policy,n,safe_rate,feasible_rate,common_feasible_n,gap_lp_pct,gap_minimum_pct,gap_cheaper_pct
external,0.4,cheaper_port,292,1.0,0.839041095890411,245,0.0,-2.0083709974131225,0.0
external,0.4,dqn_42,292,1.0,0.839041095890411,245,0.3023063385848124,-1.7121360916557915,0.3023063385848124
external,0.4,dqn_43,292,1.0,0.839041095890411,245,0.44135507948279695,-1.575879965342275,0.44135507948279695
external,0.4,dqn_44,292,1.0,0.839041095890411,245,0.2740988092368557,-1.7397771091652192,0.2740988092368557
external,0.4,lp,292,1.0,0.839041095890411,245,0.0,-2.0083709974131225,0.0
external,0.4,minimum,292,1.0,0.839041095890411,245,2.049533228353728,0.0,2.049533228353728
external,0.5,cheaper_port,300,1.0,0.82,246,0.0,-1.6308280275757037,0.0
external,0.5,dqn_42,300,1.0,0.82,246,0.21884256618098785,-1.4155544073002568,0.21884256618098785
external,0.5,dqn_43,300,1.0,0.82,246,0.18874186467461307,-1.4451642181299684,0.18874186467461307
external,0.5,dqn_44,300,1.0,0.82,246,0.09321316756487619,-1.5391350064728693,0.09321316756487619
external,0.5,lp,300,1.0,0.82,246,0.0,-1.6308280275757037,0.0
external,0.5,minimum,300,1.0,0.82,246,1.6578649539032986,0.0,1.6578649539032986
external,1.0,cheaper_port,300,1.0,0.82,246,0.0,-0.23809265574362692,0.0
external,1.0,dqn_42,300,1.0,0.82,246,0.04313375148261578,-0.19506160255543525,0.04313375148261578
external,1.0,dqn_43,300,1.0,0.82,246,0.000503188215761341,-0.23759066558204367,0.000503188215761341
external,1.0,dqn_44,300,1.0,0.82,246,0.0,-0.23809265574362692,0.0
external,1.0,lp,300,1.0,0.82,246,0.0,-0.23809265574362692,0.0
external,1.0,minimum,300,1.0,0.82,246,0.23866088979436206,0.0,0.23866088979436206
test,0.4,cheaper_port,720,1.0,0.9666666666666667,696,0.0,-0.4341114701485904,0.0
test,0.4,dqn_42,720,1.0,0.9666666666666667,696,0.09627289846469989,-0.33825650337876434,0.09627289846469989
test,0.4,dqn_43,720,1.0,0.9666666666666667,696,0.1275218788883592,-0.30714317836343374,0.1275218788883592
test,0.4,dqn_44,720,1.0,0.9666666666666667,696,0.06875422329226666,-0.3656557168258523,0.06875422329226666
test,0.4,lp,720,1.0,0.9666666666666667,696,0.0,-0.4341114701485904,0.0
test,0.4,minimum,720,1.0,0.9666666666666667,696,0.4360042144538667,0.0,0.4360042144538667
test,0.5,cheaper_port,720,1.0,0.9680555555555556,697,0.0,-0.22661699043377004,0.0
test,0.5,dqn_42,720,1.0,0.9680555555555556,697,0.05867685731244521,-0.16807310484945326,0.05867685731244521
test,0.5,dqn_43,720,1.0,0.9680555555555556,697,0.04220684056746027,-0.1845057977381659,0.04220684056746027
test,0.5,dqn_44,720,1.0,0.9680555555555556,697,0.03000078493591296,-0.1966841923737972,0.03000078493591296
test,0.5,lp,720,1.0,0.9680555555555556,697,0.0,-0.22661699043377004,0.0
test,0.5,minimum,720,1.0,0.9680555555555556,697,0.22713170947812333,0.0,0.22713170947812333
test,1.0,cheaper_port,720,1.0,0.9736111111111111,701,0.0,-0.003355385911962827,0.0
test,1.0,dqn_42,720,1.0,0.9736111111111111,701,0.0014338674661829032,-0.0019215665575611496,0.0014338674661829032
test,1.0,dqn_43,720,1.0,0.9736111111111111,701,0.0006675911250919597,-0.0026878171871191903,0.0006675911250919597
test,1.0,dqn_44,720,1.0,0.9736111111111111,701,0.0006675911250919597,-0.0026878171871191903,0.0006675911250919597
test,1.0,lp,720,1.0,0.9736111111111111,701,0.0,-0.003355385911962827,0.0
test,1.0,minimum,720,1.0,0.9736111111111111,701,0.003355498501877996,0.0,0.003355498501877996
