seed,episode,validation_score
42,1000,0.18252176921688776
42,2000,0.1821028119958841
42,3000,0.18252130534501315
42,4000,0.18210187471774814
42,5000,0.18190590959560685
42,6000,0.18226043892923777
43,1000,0.18266325015470236
43,2000,0.18214719283304978
43,3000,0.1819948957405848
43,4000,0.18220100874419173
43,5000,0.18246428783922278
43,6000,0.18224149670507203
44,1000,0.18241471222433414
44,2000,0.18213559618532318
44,3000,0.18188278474963177
44,4000,0.18219592050683972
44,5000,0.18182560441884393
44,6000,0.18181551574876176
