speed,policy,n,safe_rate,feasible_rate
10,fixed_fueling,600,1.0,0.7366666666666667
10,frozen_dqn,600,1.0,0.7366666666666667
10,guarded_dqn,600,1.0,0.7366666666666667
10,inventory_lp,600,1.0,0.74
10,minimum_next_leg,600,1.0,0.74
10,price_reactive,600,0.995,0.74
10,safe_stock,600,0.995,0.74
14,fixed_fueling,600,0.9983333333333333,0.98
14,frozen_dqn,600,1.0,0.98
14,guarded_dqn,600,1.0,0.98
14,inventory_lp,600,1.0,0.98
14,minimum_next_leg,600,1.0,0.98
14,price_reactive,600,0.92,0.915
14,safe_stock,600,0.94,0.9283333333333333
18,fixed_fueling,600,0.96,0.9566666666666667
18,frozen_dqn,600,0.9983333333333333,0.99
18,guarded_dqn,600,1.0,0.99
18,inventory_lp,600,1.0,0.99
18,minimum_next_leg,600,1.0,0.99
18,price_reactive,600,0.6833333333333333,0.6833333333333333
18,safe_stock,600,0.7583333333333333,0.7566666666666667
