date,cell_rows,unique_mmsi,registry_matched_rows
2017-09-30,160519,27469,160519
2017-10-01,148193,25736,148193
2017-10-02,151737,25380,151737
2017-10-03,142369,24738,142369
2017-10-04,145707,24304,145707
2017-10-05,156818,25871,156818
2017-10-06,150543,25698,150543
2017-10-07,140169,23559,140169
2017-10-08,148793,24945,148793
2017-10-09,163874,25774,163874
2017-10-10,147620,23992,147620
2017-10-11,165633,27212,165633
2017-10-12,151419,25206,151419
2017-10-13,132310,22467,132310
2017-10-14,122853,20589,122853
2017-10-15,127437,21597,127437
2017-10-16,144270,23961,144270
2017-10-17,163916,26880,163916
2017-10-18,160340,26684,160340
2017-10-19,160720,26254,160720
2017-10-20,149369,25406,149369
2017-10-21,130779,22640,130779
2017-10-22,123401,21907,123401
2017-10-23,181225,29878,181225
2017-10-24,163520,26540,163520
2017-10-25,170472,27513,170472
2017-10-26,177180,28664,177180
2017-10-27,172556,29499,172556
2017-10-28,148510,25416,148510
2017-10-29,115997,21611,115997
2017-10-30,167086,27835,167086
