month,budget_gallons,consumed_gallons,swap_notional_gallons,swap_net_cash_usd
2024-07,1690049,1278797,756000,-78246
2024-08,1692186,1241484,756000,-210470
2024-09,1588412,1206993,756000,-346777
2024-10,1523259,1295424,756000,-196787
2024-11,1462816,1279796,1050000,-171570
2024-12,1502750,1337691,756000,-204422
2025-01,1450269,1313231,756000,-14364
2025-02,1306792,1140758,756000,-45662
2025-03,1460914,1292811,756000,-192704
2025-04,1463730,1257884,840000,-211798
2025-05,1527537,1298113,1218000,-246443
2025-06,1563348,1283011,1134000,-33718
