ship,mode,seed,condition,bin,lower,upper,n,mae,baseline_mae,improvement_pct,bias,p90_absolute_error,small_n
1,power,42,Ship_SpeedLOG,0,,13.006666666666666,134,271.8394067705007,297.1708243996466,8.524194015452624,-30.650577831291983,580.2905437886337,False
1,power,42,Ship_SpeedLOG,1,13.006666666666666,13.74,110,121.36233682467827,131.75307803992965,7.88652634901047,-16.20553184597299,216.9028042564721,False
1,power,42,Ship_SpeedLOG,2,13.74,14.09,318,77.20204504409696,81.1542751512746,4.870020833542698,12.680459235096142,150.19033259692628,False
1,power,42,Ship_SpeedLOG,3,14.09,,72,60.41600617686596,67.0998600288313,9.961054835425042,26.056256084017036,117.71328295338715,False
1,power,42,condition_draft,0,,7.075,132,136.2340637399581,159.02105477967515,14.329543387376354,-12.867796612971647,270.32903204908945,False
1,power,42,condition_draft,1,7.075,7.219166666666666,230,118.27824687467546,126.51774903279806,6.5125266779656465,-10.862642662446968,254.1430114885909,False
1,power,42,condition_draft,2,7.219166666666666,7.345,193,117.69702046482202,123.85662534300505,4.973173506968076,23.046491479320316,228.1068349154361,False
1,power,42,condition_draft,3,7.345,,79,136.38129344504333,138.70618068943583,1.6761237551468189,-2.941333517393869,241.76828839339308,False
1,power,42,condition_wind,0,,0.0,634,124.09548947432002,133.9936568992525,7.387041785399395,0.02941725924234225,254.12865365355117,False
1,power,42,condition_wind,1,0.0,,0,,,,,,True
1,power,43,Ship_SpeedLOG,0,,13.006666666666666,134,264.933215526742,297.1708243996466,10.848174257359211,-42.0919269428466,596.6588221508422,False
1,power,43,Ship_SpeedLOG,1,13.006666666666666,13.74,110,122.7141817157037,131.75307803992965,6.860482091725084,-7.178809064699945,218.36829688053862,False
1,power,43,Ship_SpeedLOG,2,13.74,14.09,318,77.39941815553183,81.1542751512746,4.626813545858887,20.782627515282854,148.28165936381265,False
1,power,43,Ship_SpeedLOG,3,14.09,,72,62.95921545517975,67.0998600288313,6.170869167048054,31.19479102051478,116.46342390751265,False
1,power,43,condition_draft,0,,7.075,132,138.3085904005843,159.02105477967515,13.024982388519636,-6.3639367211069695,260.0105318480574,False
1,power,43,condition_draft,1,7.075,7.219166666666666,230,117.02397649414463,126.51774903279806,7.503905666383847,-2.460562613289388,248.96906331976592,False
1,power,43,condition_draft,2,7.219166666666666,7.345,193,117.2288026434477,123.85662534300505,5.351205622793653,23.577001457551365,225.2004976354022,False
1,power,43,condition_draft,3,7.345,,79,130.99091036489995,138.70618068943583,5.562311849542178,-9.107328318812174,239.0304422408376,False
1,power,43,condition_wind,0,,0.0,634,123.25818510337994,133.9936568992525,8.011925373411044,3.824784378357369,250.34058566240847,False
1,power,43,condition_wind,1,0.0,,0,,,,,,True
1,power,44,Ship_SpeedLOG,0,,13.006666666666666,134,276.1906403389514,297.1708243996466,7.059974377727018,-22.389410946453697,574.3505620105016,False
1,power,44,Ship_SpeedLOG,1,13.006666666666666,13.74,110,121.89295484679043,131.75307803992965,7.483789631200088,-5.480103783842701,214.57743044262807,False
1,power,44,Ship_SpeedLOG,2,13.74,14.09,318,79.23685569832728,81.1542751512746,2.362684466558518,23.986657477227393,154.64552615192994,False
1,power,44,Ship_SpeedLOG,3,14.09,,72,69.21945178208665,67.0998600288313,-3.158861661327772,41.20756563840367,124.16883097182617,False
1,power,44,condition_draft,0,,7.075,132,141.75666583582287,159.02105477967515,10.856668613959464,0.6250229822637617,284.7832767112908,False
1,power,44,condition_draft,1,7.075,7.219166666666666,230,119.2176213968459,126.51774903279806,5.77004229980388,0.3423935041738945,242.79933574751243,False
1,power,44,condition_draft,2,7.219166666666666,7.345,193,122.40589618488826,123.85662534300505,1.1712971785717397,35.01880516897505,235.6887170996496,False
1,power,44,condition_draft,3,7.345,,79,137.24836333744477,138.70618068943583,1.0510110975192388,0.909194727150463,228.45513640072096,False
1,power,44,condition_wind,0,,0.0,634,127.12758908350906,133.9936568992525,5.124173766602935,11.027932682454074,249.61967825802768,False
1,power,44,condition_wind,1,0.0,,0,,,,,,True
1,fuel,42,Ship_SpeedLOG,0,,13.052916666666668,110,65.8169896008573,62.38086511198738,-5.5082988712986225,-1.2357981985135371,122.7045044028389,False
1,fuel,42,Ship_SpeedLOG,1,13.052916666666668,13.745833333333334,100,35.29170880226587,28.374058378768087,-24.38019380644598,21.067911328893757,73.04082972066941,False
1,fuel,42,Ship_SpeedLOG,2,13.745833333333334,14.092916666666667,236,19.297006553824257,18.917992513097566,-2.003458033215133,-5.106630001388118,43.805534496859195,False
1,fuel,42,Ship_SpeedLOG,3,14.092916666666667,,43,19.094955283978607,16.164136687680987,-18.131612302754508,-15.858093736989336,40.34875328815636,False
1,fuel,42,condition_draft,0,,7.07375,96,31.30438705531132,35.25799243732079,11.21335932281996,-19.835130633739514,83.70740275152832,False
1,fuel,42,condition_draft,1,7.07375,7.215833333333334,197,29.43330498621451,28.001693748586494,-5.112588011574415,-0.3058941143822221,72.19931638669992,False
1,fuel,42,condition_draft,2,7.215833333333334,7.343333333333334,151,38.16218141374965,29.128169586787443,-31.01469112243853,14.63989316767889,79.3556135037378,False
1,fuel,42,condition_draft,3,7.343333333333334,,45,35.06988282587009,34.65667912883309,-1.1922772389730385,-3.608879264721606,70.70325686886846,False
1,fuel,42,condition_wind,0,,0.0,489,33.014757382892626,30.386513519134414,-8.64937618494206,0.17135096121625573,76.15060892237645,False
1,fuel,42,condition_wind,1,0.0,,0,,,,,,True
3,power,42,Ship_SpeedLOG,0,,12.03375,39,308.46435161302145,350.7172120690069,12.047558261175906,-39.11032231354976,479.6325198509368,False
3,power,42,Ship_SpeedLOG,1,12.03375,13.475833333333334,111,173.26713751070935,236.42764471114037,26.714518633215878,-145.00325814978748,285.47139975022674,False
3,power,42,Ship_SpeedLOG,2,13.475833333333334,14.024583333333334,293,407.20998116621786,429.52176123605375,5.194563368716942,-377.419867584825,911.2643778445241,False
3,power,42,Ship_SpeedLOG,3,14.024583333333334,,164,514.612844981452,470.41583758920257,-9.395305995382985,-501.00603501825435,830.0573020799181,False
3,power,42,condition_draft,0,,12.6,607,387.1034481635199,400.1968916646142,3.271750424305475,-346.5727762276809,864.364135367802,False
3,power,42,condition_draft,1,12.6,,0,,,,,,True
3,power,42,condition_wind,0,,0.0,607,387.1034481635199,400.1968916646142,3.271750424305475,-346.5727762276809,864.364135367802,False
3,power,42,condition_wind,1,0.0,,0,,,,,,True
3,power,43,Ship_SpeedLOG,0,,12.03375,39,325.17152262153627,350.7172120690069,7.283842528505358,-138.39350346169866,585.8639371023606,False
3,power,43,Ship_SpeedLOG,1,12.03375,13.475833333333334,111,177.44254685182688,236.42764471114037,24.948477548545377,-151.83315619847946,286.75802476109675,False
3,power,43,Ship_SpeedLOG,2,13.475833333333334,14.024583333333334,293,406.8403131337217,429.52176123605375,5.2806283986777895,-376.5092446476326,910.9978352948787,False
3,power,43,Ship_SpeedLOG,3,14.024583333333334,,164,515.4369154926222,470.41583758920257,-9.570485155037446,-500.77006693476636,826.3201129941326,False
3,power,43,condition_draft,0,,12.6,607,388.98464245760005,400.1968916646142,2.801683231565577,-353.6974079606186,861.9236024374326,False
3,power,43,condition_draft,1,12.6,,0,,,,,,True
3,power,43,condition_wind,0,,0.0,607,388.98464245760005,400.1968916646142,2.801683231565577,-353.6974079606186,861.9236024374326,False
3,power,43,condition_wind,1,0.0,,0,,,,,,True
3,power,44,Ship_SpeedLOG,0,,12.03375,39,334.65767696273423,350.7172120690069,4.579055305421631,-134.0531480467665,598.4530687089513,False
3,power,44,Ship_SpeedLOG,1,12.03375,13.475833333333334,111,181.66442275695218,236.42764471114037,23.162782855235108,-156.5540172334401,298.05531885883875,False
3,power,44,Ship_SpeedLOG,2,13.475833333333334,14.024583333333334,293,418.27431549467923,429.52176123605375,2.618597416113966,-393.5593518522487,927.3238208169779,False
3,power,44,Ship_SpeedLOG,3,14.024583333333334,,164,523.902001393835,470.41583758920257,-11.369975143426192,-513.953251299459,844.7333192372788,False
3,power,44,condition_draft,0,,12.6,607,398.17249258006314,400.1968916646142,0.5058507766341203,-366.07379240948245,879.6607733814762,False
3,power,44,condition_draft,1,12.6,,0,,,,,,True
3,power,44,condition_wind,0,,0.0,607,398.17249258006314,400.1968916646142,0.5058507766341203,-366.07379240948245,879.6607733814762,False
3,power,44,condition_wind,1,0.0,,0,,,,,,True
3,fuel,42,Ship_SpeedLOG,0,,11.996666666666666,21,61.441565743887224,61.808481358922215,0.5936331179281162,-31.97464312211213,135.75382271201403,False
3,fuel,42,Ship_SpeedLOG,1,11.996666666666666,13.463333333333333,79,22.11361008998806,56.234728915954335,60.67623954756147,-14.623383167957696,44.16179232084251,False
3,fuel,42,Ship_SpeedLOG,2,13.463333333333333,14.045,287,99.67275296733993,101.82728846964797,2.115872409732533,-96.54826829759365,233.6882925309465,False
3,fuel,42,Ship_SpeedLOG,3,14.045,,158,133.9118506489315,119.38879762206165,-12.164502295135083,-130.34809170725367,212.39525179591433,False
3,fuel,42,condition_draft,0,,12.6,545,96.88330381997878,98.76767616141737,1.907883646425923,-91.98360782933665,216.44978952638527,False
3,fuel,42,condition_draft,1,12.6,,0,,,,,,True
3,fuel,42,condition_wind,0,,0.0,545,96.88330381997878,98.76767616141737,1.907883646425923,-91.98360782933665,216.44978952638527,False
3,fuel,42,condition_wind,1,0.0,,0,,,,,,True
