ship,mode,seed,date,n,mae,baseline_mae,improvement_pct,bias,p90_absolute_error
1,power,42,2017-10-24,30,79.72851844771137,100.24614398405669,20.467246640038816,79.72851844771137,111.94282681715049
1,power,42,2017-10-25,107,125.58707090424208,147.22452355118588,14.69690790978927,32.74107927624048,261.48368051789754
1,power,42,2017-10-26,64,134.17978037642968,152.68753150403023,12.121324475739549,-23.608244087417525,293.40864472835716
1,power,42,2017-10-27,97,132.92793645609697,139.64741257739072,4.81174408983046,11.294064235855785,214.01018198686398
1,power,42,2017-10-28,109,138.088724672755,140.44809033182977,1.6798844708393101,-75.75581570906685,274.83982250339443
1,power,42,2017-10-29,130,105.94989640489898,106.51374808082802,0.529369857026496,20.6058792157844,207.92234598041526
1,power,42,2017-10-30,97,129.28035963127405,141.42412372871726,8.586769906906145,1.2115722816865784,297.8275719224469
1,power,43,2017-10-24,30,84.97563633932724,100.24614398405669,15.233012500867959,84.97563633932724,106.87025593406443
1,power,43,2017-10-25,107,125.15840360377004,147.22452355118588,14.988073600213802,33.44244815986058,259.0724841324485
1,power,43,2017-10-26,64,137.55372755188893,152.68753150403023,9.911617407831264,-21.38946184239129,292.4831616056449
1,power,43,2017-10-27,97,134.36117173690153,139.64741257739072,3.7854198247745052,22.49551145627646,223.2786510953094
1,power,43,2017-10-28,109,137.65630324288202,140.44809033182977,1.987771483650469,-73.28557360631154,271.50801251179604
1,power,43,2017-10-29,130,100.02639224079833,106.51374808082802,6.090627695409568,22.671107079182192,185.36690930921077
1,power,43,2017-10-30,97,127.4229980740352,141.42412372871726,9.900097158487132,5.412853629300742,276.86641327294484
1,power,44,2017-10-24,30,91.26553687960765,100.24614398405669,8.958556157409237,91.26553687960765,120.48136450885326
1,power,44,2017-10-25,107,127.48157969843763,147.22452355118588,13.410091862775964,40.16566827055118,236.31239484391656
1,power,44,2017-10-26,64,140.34406200722498,152.68753150403023,8.084137175588202,-10.430636777711092,303.03722141225916
1,power,44,2017-10-27,97,134.79655227005537,139.64741257739072,3.4736485394221472,23.528072684037415,229.2799972100963
1,power,44,2017-10-28,109,138.86771516475042,140.44809033182977,1.1252379176857952,-64.79142642040448,276.4753674906436
1,power,44,2017-10-29,130,111.18976111476327,106.51374808082802,-4.390055854937014,32.92898167193888,226.0190374889763
1,power,44,2017-10-30,97,129.6068134875145,141.42412372871726,8.355936688616838,11.575796651882378,292.6746828696197
1,fuel,42,2017-10-26,56,33.43384699353102,32.59874453835214,-2.5617626292214535,-10.65362588565881,76.11159070893422
1,fuel,42,2017-10-27,97,40.04855819850031,32.914981787651996,-21.672733884131958,15.93684282693797,78.50772998417291
1,fuel,42,2017-10-28,109,39.117410623540195,32.49491747863671,-20.38008913011502,-8.503254858150619,86.93294113641065
1,fuel,42,2017-10-29,130,23.674233796987764,23.806306394677453,0.5547798784914293,-0.7614664716274756,66.15606150530976
1,fuel,42,2017-10-30,97,31.399614760494213,33.030477802343235,4.93744913896863,1.6532508893675166,75.38607679236975
3,power,42,2017-10-22,55,164.50533812925312,206.73741709714437,20.427883622076358,117.52254305392096,387.5694618211471
3,power,42,2017-10-23,115,170.92880441430705,224.96320075337763,24.019215657545402,-132.59974172494356,295.90058888662656
3,power,42,2017-10-24,144,131.13494153450173,146.7567942117213,10.644721943627655,-110.24080055833133,232.26572384294448
3,power,42,2017-10-25,123,405.1623073279496,391.60805603760014,-3.4611778489684664,-395.72040887242645,600.456120152542
3,power,42,2017-10-26,144,841.2664168713513,849.9200425667275,1.0181693879394271,-841.2664168713513,946.0878563032943
3,power,42,2017-10-27,26,631.0164430277578,538.03583941223,-17.28148885343832,-611.299813023719,739.3631878669898
3,power,43,2017-10-22,55,157.62551651835173,206.73741709714437,23.755690318852796,87.58053865668901,310.0125743654931
3,power,43,2017-10-23,115,175.38575731861647,224.96320075337763,22.03802367175237,-142.21100338019028,297.01353137278255
3,power,43,2017-10-24,144,134.3662656811979,146.7567942117213,8.442899422188255,-114.4670932544115,231.85456321820496
3,power,43,2017-10-25,123,408.8510519252691,391.60805603760014,-4.403125937228758,-402.18150148309127,601.4580636058347
3,power,43,2017-10-26,144,839.760869202506,849.9200425667275,1.1953093062191056,-839.760869202506,945.2917443413853
3,power,43,2017-10-27,26,642.7663715981355,538.03583941223,-19.465344966669317,-626.1476766644302,740.1663513650474
3,power,44,2017-10-22,55,151.60767806248217,206.73741709714437,26.666551129811765,88.45614059353767,326.69348718015
3,power,44,2017-10-23,115,181.38301423308084,224.96320075337763,19.372140143077367,-151.556069592696,308.7924444816371
3,power,44,2017-10-24,144,141.08394902044256,146.7567942117213,3.8654736373531895,-130.24170203613858,248.42848946965347
3,power,44,2017-10-25,123,423.1539463462724,391.60805603760014,-8.055475320876294,-416.5509539040847,617.8327887158173
3,power,44,2017-10-26,144,856.1985194562499,849.9200425667275,-0.7387138289575601,-856.1985194562499,961.9077189154813
3,power,44,2017-10-27,26,647.5624309470105,538.03583941223,-20.356746430578188,-629.2220191128483,750.8569545820174
3,fuel,42,2017-10-23,108,16.833463743320667,43.19725377542521,61.03117149336661,-5.1279455502622175,39.41750235199851
3,fuel,42,2017-10-24,144,35.59617589669685,31.648755658026662,-12.47259222865862,-29.94870840648692,64.00236944175542
3,fuel,42,2017-10-25,123,90.7897697011934,88.32936295252972,-2.7854913320114916,-86.97113207222095,138.13918682660292
3,fuel,42,2017-10-26,144,209.94309107012793,208.90044378300232,-0.49911204985695345,-209.94309107012793,252.05565993933212
3,fuel,42,2017-10-27,26,171.48424542847079,140.74937452143138,-21.83659501972388,-166.7453760786321,206.60411768052023
