port,period,anchor_calls,anchor_share_pct,mean_anchor_hours,median_anchor_hours
Brisbane,2023 Mar Qtr,33,13.9,44.6,24.0
Brisbane,2023 Jun Qtr,40,16.0,22.1,17.1
Brisbane,2023 Sep Qtr,47,17.3,24.7,17.8
Brisbane,2023 Dec Qtr,45,20.5,42.6,38.0
Brisbane,2024 Mar Qtr,67,30.5,29.9,20.6
Brisbane,2024 Jun Qtr,49,22.0,23.8,15.9
Brisbane,2024 Sep Qtr,36,15.9,22.5,17.8
Brisbane,2024 Dec Qtr,48,21.3,29.0,23.7
Brisbane,2025 Mar Qtr,43,20.3,28.8,21.4
Brisbane,2025 Jun Qtr,24,11.1,19.3,17.7
Sydney,2023 Mar Qtr,80,27.3,132.3,10.7
Sydney,2023 Jun Qtr,45,15.3,20.3,15.6
Sydney,2023 Sep Qtr,74,22.6,25.9,13.5
Sydney,2023 Dec Qtr,97,37.6,53.2,30.1
Sydney,2024 Mar Qtr,113,38.7,63.1,27.0
Sydney,2024 Jun Qtr,87,32.5,23.1,13.2
Sydney,2024 Sep Qtr,103,37.6,34.8,20.9
Sydney,2024 Dec Qtr,111,37.9,92.8,17.1
Sydney,2025 Mar Qtr,118,45.2,35.0,17.6
Sydney,2025 Jun Qtr,103,39.6,23.6,12.8
Melbourne,2023 Mar Qtr,1,0.4,17.4,17.4
Melbourne,2023 Jun Qtr,1,0.4,39.0,39.0
Melbourne,2023 Sep Qtr,17,6.0,32.3,25.5
Melbourne,2023 Dec Qtr,35,14.5,62.3,64.5
Melbourne,2024 Mar Qtr,16,6.8,45.8,39.6
Melbourne,2024 Jun Qtr,10,4.2,30.2,34.1
Melbourne,2024 Sep Qtr,17,7.1,47.7,27.6
Melbourne,2024 Dec Qtr,12,4.5,39.8,23.9
Melbourne,2025 Mar Qtr,12,4.8,22.3,12.1
Melbourne,2025 Jun Qtr,6,2.7,21.3,16.7
Adelaide,2023 Mar Qtr,5,6.8,22.4,17.4
Adelaide,2023 Jun Qtr,4,6.5,39.7,33.0
Adelaide,2023 Sep Qtr,8,11.8,22.8,23.2
Adelaide,2023 Dec Qtr,8,11.8,15.4,16.9
Adelaide,2024 Mar Qtr,3,4.8,32.6,8.8
Adelaide,2024 Jun Qtr,3,5.2,16.2,16.4
Adelaide,2024 Sep Qtr,5,8.8,33.1,27.5
Adelaide,2024 Dec Qtr,2,3.6,18.0,18.0
Adelaide,2025 Mar Qtr,5,7.9,30.4,13.6
Adelaide,2025 Jun Qtr,6,10.2,22.0,16.1
Fremantle,2023 Mar Qtr,14,14.1,30.1,20.1
Fremantle,2023 Jun Qtr,20,20.6,31.2,22.0
Fremantle,2023 Sep Qtr,20,19.4,25.2,23.1
Fremantle,2023 Dec Qtr,29,33.3,59.7,42.5
Fremantle,2024 Mar Qtr,22,26.2,32.1,25.7
Fremantle,2024 Jun Qtr,29,35.8,23.1,15.7
Fremantle,2024 Sep Qtr,19,25.7,21.2,20.3
Fremantle,2024 Dec Qtr,22,25.0,32.1,22.8
Fremantle,2025 Mar Qtr,16,20.8,33.7,18.9
Fremantle,2025 Jun Qtr,14,17.5,32.6,17.9
